simulation,manning_mean,manning_median,depth_mean,depth_median,flooded_area_km2
0,0.05568227320563709,0.0481223231485046,1.1141618490219116,0.9572982788085938,0.651675
1,0.06513639618418171,0.0545428246475694,1.1852370500564575,0.9950599670410156,0.6398499999999999
2,0.05431041027843181,0.054742134010894,1.159504771232605,1.0305976867675781,0.5702499999999999
3,0.04977104990072818,0.0480583190057474,1.253806710243225,0.9690494537353516,0.71
4,0.07061775416216512,0.0505042073390882,1.266568660736084,0.9651412963867188,0.758775
5,0.0667058449633616,0.0576011325229046,1.242946982383728,1.0154495239257812,0.644475
6,0.04783307418987855,0.0323762039762982,1.2298239469528198,1.015960693359375,0.6374
7,0.054121319390436975,0.0439573388534881,1.1921093463897705,0.9886932373046875,0.652775
8,0.03760824186076018,0.0271565140210349,1.1506807804107666,1.011178970336914,0.5938
9,0.06916848652081242,0.0690154355649497,1.2912471294403076,1.1677265167236328,0.78225
10,0.07805016727711526,0.0836015005830859,1.1394201517105103,0.944427490234375,0.6836249999999999
11,0.07722343735595254,0.0872803524991923,1.259631872177124,0.9542331695556641,0.8116
12,0.0713164759501869,0.0712033171552093,1.193595290184021,0.9365692138671875,0.733375
13,0.04332128824639948,0.0455578181363307,1.1681714057922363,1.002218246459961,0.62235
14,0.0583345163820626,0.0525782853085602,1.1995422840118408,1.0396194458007812,0.578275
15,0.07013190955542979,0.0778590710179401,1.1866458654403687,0.9533271789550781,0.6921999999999999
16,0.08031171296430648,0.0946994654806303,1.2272783517837524,0.9330825805664062,0.752525
17,0.04696717883172764,0.0427437860256532,1.0986970663070679,0.9594154357910156,0.6278
18,0.06208469200375823,0.0590561952887376,1.1852951049804688,1.0348129272460938,0.594625
19,0.06699520175207775,0.064970836715986,1.2150495052337646,0.93798828125,0.758475
20,0.05274061459621274,0.0441687524360645,1.2154346704483032,1.0258407592773438,0.615475
21,0.06867934850724139,0.0642567483264997,1.197630763053894,1.0210952758789062,0.6110249999999999
22,0.06287383709607688,0.0501061965118765,1.0990724563598633,0.94671630859375,0.666125
23,0.06044411178640216,0.0378024061166115,1.1724721193313599,0.9524993896484375,0.6825249999999999
24,0.06994592822827299,0.0447090824131919,1.299885630607605,1.0292739868164062,0.65465
25,0.06062247264087056,0.0572985149339615,1.1148924827575684,0.9474105834960938,0.66245
26,0.05042422883075942,0.0396123942262534,1.2842614650726318,0.9859390258789062,0.7278249999999999
27,0.0776932890043229,0.0827884776303449,1.223954677581787,1.0252304077148438,0.6270249999999999
28,0.05762764921726459,0.0570432316803248,1.2033660411834717,0.9302101135253906,0.7496999999999999
29,0.049262743467474245,0.0208521066962212,1.930275797843933,1.3374214172363281,2.1866499999999998
30,0.04164959208565181,0.0269097132310776,1.2366597652435303,0.9461631774902344,0.75955
31,0.05214663555532664,0.0297389381817083,1.3016425371170044,0.9782867431640625,0.782025
32,0.04974984800835169,0.0412531849573838,1.2543761730194092,0.9649505615234375,0.7668499999999999
33,0.0661181629389801,0.0506210964880438,1.2679128646850586,0.952239990234375,0.7616499999999999
34,0.07620049244323415,0.0851552880905615,1.2568793296813965,0.9616546630859375,0.765675
35,0.043752902433227235,0.0445577546097384,1.225199580192566,1.017608642578125,0.640525
36,0.04153168984120962,0.0313100214173687,1.188222885131836,0.9262542724609375,0.744875
37,0.07440350790512065,0.1003496758223628,1.1749786138534546,0.9285392761230469,0.7253
38,0.06023862377449366,0.0573171526655755,1.2586418390274048,0.9792671203613281,0.76105
39,0.059722900858255434,0.0499135005838411,1.0741608142852783,1.0096187591552734,0.51095
40,0.06464138956027489,0.0470626492231933,1.2541061639785767,1.0242843627929688,0.637575
41,0.06064827496712919,0.0656880427939086,1.0558526515960693,0.9697303771972656,0.5773499999999999
42,0.05163232507650966,0.0455301851203557,1.1903774738311768,0.92987060546875,0.7290749999999999
43,0.06145013113193418,0.0366832750100911,1.3306944370269775,0.9872817993164062,0.8428249999999999
44,0.045967314003299585,0.0244784864593725,1.24478280544281,0.9431591033935547,0.7568499999999999
45,0.06804874466403935,0.0658570431491824,1.1776349544525146,1.0007781982421875,0.634575
46,0.03539255866746447,0.0097859594577016,1.4669034481048584,1.3962821960449219,0.87125
47,0.060915000501093414,0.0549144879219625,1.251787781715393,1.052276611328125,0.6034999999999999
48,0.05269090645936732,0.025884826664992,1.227257251739502,0.9461517333984375,0.74025
49,0.06276126032756717,0.0551407302356891,1.130110740661621,0.996978759765625,0.605225
50,0.05658748676335065,0.0355661847277133,1.231308937072754,0.9907989501953125,0.672275
51,0.05474757957466606,0.0472074042447729,1.1563401222229004,0.9890003204345703,0.63605
52,0.056945690909445526,0.0559044435354962,1.1787426471710205,0.9455966949462891,0.69545
53,0.06864858374970637,0.0672838208766961,1.187080979347229,0.9300003051757812,0.7442249999999999
54,0.05406415288947742,0.0277428805368586,1.1780892610549927,1.01458740234375,0.618675
55,0.04863644100520991,0.0205562257788756,1.2614381313323975,0.9492950439453125,0.775725
56,0.044369294828300807,0.0304517289141063,1.1446433067321777,1.0226554870605469,0.593375
57,0.05584976968951058,0.0235386649851534,1.1967334747314453,0.9367446899414062,0.726475
58,0.06349031350345853,0.0627804508856684,1.1700254678726196,0.9175834655761719,0.7459
59,0.06446216396846782,0.0553542465825671,1.175109624862671,1.0538063049316406,0.5621499999999999
60,0.05698533122610326,0.0595997946432476,1.1352516412734985,0.9602165222167969,0.65545
61,0.04951756438864788,0.0348691836340034,1.1644761562347412,0.9708099365234375,0.6553749999999999
62,0.057134281854283785,0.0405498785166473,1.174920916557312,0.95489501953125,0.676725
63,0.05031548769778684,0.0475477600046886,1.2324258089065552,0.972137451171875,0.693125
64,0.04552030369022656,0.0174684662855967,1.1783099174499512,0.9453163146972656,0.704975
65,0.07156733484927118,0.0453369704752049,1.2262630462646484,0.9475479125976562,0.7299249999999999
66,0.06326797739644928,0.0687057749489099,1.2721943855285645,1.0138015747070312,0.6395
67,0.06934217629518497,0.0695806591729137,1.2164539098739624,0.9357833862304688,0.746525
68,0.058923102692821826,0.0561520334213696,1.1678543090820312,0.9663543701171875,0.664975
69,0.059787028009298776,0.0404097720412437,1.2850441932678223,0.9757766723632812,0.8492
70,0.050657414364062466,0.0505595586676296,1.2256345748901367,1.0279121398925781,0.63215
71,0.04258459568399691,0.0244539018817704,1.1961060762405396,0.9245109558105469,0.7435499999999999
72,0.052875180281326026,0.0510988541557471,1.1736513376235962,1.0489349365234375,0.570225
73,0.0728898543363094,0.0897604352916232,1.1746746301651,0.9490299224853516,0.6888
74,0.07154636494912248,0.0714307193358649,1.1733059883117676,0.949493408203125,0.682975
75,0.07671120038343696,0.0849745661661813,1.2410553693771362,1.179107666015625,0.7209249999999999
76,0.06318048667402613,0.061215566310409,1.2125542163848877,1.0517101287841797,0.5932499999999999
77,0.04850226205987316,0.0282090693227701,1.1637346744537354,0.9570350646972656,0.68465
78,0.07135388760216099,0.0545756160365726,1.163668155670166,1.0551376342773438,0.5425249999999999
79,0.07756861764401644,0.0716528372610127,1.184481143951416,0.9239158630371094,0.736
80,0.06886069117251788,0.0531703758749131,1.1890524625778198,0.9829483032226562,0.65635
81,0.06300516540908384,0.0386414441680358,1.2303420305252075,0.9303073883056641,0.7747999999999999
82,0.06417786298275371,0.0589061101407537,1.2535353899002075,0.9496841430664062,0.79935
83,0.043781153074225955,0.0298123260852776,1.1380691528320312,0.9724540710449219,0.6392
84,0.06677899247466178,0.0595591418136889,1.1474930047988892,0.9954147338867188,0.616475
85,0.05607057649645168,0.0341782001249271,1.1347935199737549,0.9494209289550781,0.664775
86,0.0495870627229557,0.0378386803140529,1.1363810300827026,0.9158477783203125,0.7357
87,0.055586287533610154,0.0425826303132339,1.2201873064041138,0.9898548126220703,0.67625
88,0.08194443504480085,0.0828225485840334,1.189453125,0.92401123046875,0.7591
89,0.06010867241240328,0.0514009042590259,1.2564858198165894,0.959625244140625,0.7965249999999999
90,0.03888521468782549,0.0276927346261004,1.271696925163269,0.9692630767822266,0.73195
91,0.06542747150411439,0.0606587504188951,1.1958411931991577,1.0637741088867188,0.556325
92,0.054255851472870195,0.0426073307752972,1.1540629863739014,0.976348876953125,0.6416499999999999
93,0.029274722348541175,0.0140852405597142,1.0755093097686768,1.0092086791992188,0.534975
94,0.06009084344021483,0.0633791388012241,1.23513662815094,1.021942138671875,0.634425
95,0.07695360340010655,0.0661926422299075,1.2080343961715698,0.9452972412109375,0.725125
96,0.059258561278021496,0.0523664552504783,1.0633763074874878,0.9616546630859375,0.59395
97,0.04700953699399504,0.0329108346090265,1.2541157007217407,0.9471206665039062,0.821225
98,0.0586838747153009,0.0371583809908884,1.262985110282898,0.9632339477539062,0.769625
99,0.06185364565818837,0.0558203632425602,1.2049016952514648,0.9219017028808594,0.7948999999999999
100,0.06409770603139575,0.059145648108597,1.255328893661499,0.9951667785644531,0.6860499999999999
101,0.06876438723003331,0.0654813887157388,1.2208870649337769,0.980712890625,0.6871999999999999
102,0.06532439085518228,0.0458954952238173,1.2736787796020508,0.9810295104980469,0.75235
103,0.05392268583824402,0.0413445090789537,1.1050761938095093,0.951202392578125,0.6594749999999999
104,0.039296214726211816,0.0229487171423986,1.2343319654464722,0.9808998107910156,0.680375
105,0.07015369624539881,0.0646145384736769,1.222092866897583,0.951934814453125,0.7049249999999999
106,0.072130100059654,0.0658911442512248,1.262458324432373,1.0095062255859375,0.6536
107,0.05306816123133492,0.041126502219015,1.2334494590759277,0.9341316223144531,0.7626
108,0.056494728936697776,0.0496189630310937,1.228322982788086,0.9597625732421875,0.712025
109,0.08383814510669894,0.0849872245494225,1.2916573286056519,1.0163955688476562,0.676175
110,0.06509261040167956,0.041347653772899,1.1270091533660889,1.0039215087890625,0.5949749999999999
111,0.05157189152425804,0.0359035670874379,1.1964752674102783,0.9641189575195312,0.674925
112,0.06249685671268068,0.0514780309709408,1.224482536315918,0.9633064270019531,0.6947749999999999
113,0.044516607136239124,0.0261798443129919,1.2247838973999023,0.9350833892822266,0.7713
114,0.0674739084612403,0.0463554673494286,1.267266035079956,0.9797897338867188,0.715075
115,0.07754445212257384,0.067578478236328,1.1817233562469482,0.9289226531982422,0.7334499999999999
116,0.06302727240121753,0.0604299852516305,1.1632999181747437,0.956329345703125,0.669325
117,0.06635193194922526,0.052097161324923,1.2284470796585083,1.0062408447265625,0.6591
118,0.06905547303451788,0.0624080968864859,1.2674328088760376,1.0041961669921875,0.678825
119,0.0545226348672686,0.0532269398718199,1.1508890390396118,0.9355125427246094,0.6961999999999999
120,0.04456680250073615,0.0227951801724088,1.15754234790802,0.91754150390625,0.730275
121,0.062104018538482714,0.0666407652536804,1.327939510345459,1.0553550720214844,0.63795
122,0.05414719694834328,0.0513981630505213,1.2477030754089355,1.0107841491699219,0.64815
123,0.07672328827156859,0.0585727621364071,1.251781940460205,0.9932327270507812,0.675925
124,0.06575964226870874,0.0405601607739072,1.1874476671218872,0.9227676391601562,0.7471
125,0.07049640606274721,0.0563022156954377,1.133091688156128,1.0065994262695312,0.589125
126,0.060982512938855225,0.0665315535989066,1.3211846351623535,1.0097427368164062,0.7228749999999999
127,0.0516429945614994,0.0676753547577959,1.1102771759033203,1.0230350494384766,0.5525
128,0.03916402426603578,0.026326392019655,1.2163481712341309,0.9227218627929688,0.79375
129,0.06510662326205148,0.0465741291031349,1.2560155391693115,0.9656333923339844,0.73235
130,0.046301590413100176,0.0363030660327012,1.2942650318145752,1.0076370239257812,0.711275
131,0.05106642015897341,0.0452828001361353,1.2361258268356323,0.9502048492431641,0.7699499999999999
132,0.0476776785167735,0.0378896227416589,1.186846137046814,0.94268798828125,0.699975
133,0.07216443818819779,0.0584440481583766,1.2869330644607544,1.0231781005859375,0.691525
134,0.07551671397612153,0.0693685247993585,1.164562463760376,1.0274887084960938,0.591675
135,0.06189328946238494,0.0376943558612197,1.2385743856430054,0.9636669158935547,0.7253999999999999
136,0.0569187611923612,0.0413764723645044,1.2014280557632446,0.930328369140625,0.751825
137,0.058008563855594136,0.047761796683801,1.297364592552185,0.9678688049316406,0.7874
138,0.060998783648962995,0.0471038651053277,1.14547598361969,0.9936904907226562,0.6270249999999999
139,0.06953182456895415,0.0600908453792499,1.2549351453781128,0.9545516967773438,0.811175
140,0.07243507930460438,0.0740890160948311,1.213417887687683,0.9466934204101562,0.7474999999999999
141,0.04733563341600803,0.0408869930833475,1.0920084714889526,1.0106353759765625,0.553675
142,0.045442668360337536,0.0285347302694596,1.2456392049789429,0.9451007843017578,0.7757999999999999
143,0.06492509344517057,0.0606276333315349,1.1937265396118164,0.9536209106445312,0.6996749999999999
144,0.0713880827657627,0.0717332127671852,1.2167927026748657,0.9364356994628906,0.773725
145,0.05025842432803462,0.0359228141307204,1.3418477773666382,1.0207290649414062,0.7190249999999999
146,0.05248703537844037,0.0373640294807033,1.2095887660980225,1.0158958435058594,0.6387499999999999
147,0.07029190280839723,0.0633260884782203,1.2807852029800415,0.9724655151367188,0.7693249999999999
148,0.0634478721308516,0.0498640074292779,1.2300424575805664,0.9631500244140625,0.703025
149,0.06682901334649557,0.0627184937375204,1.2148419618606567,0.9548110961914062,0.704975
150,0.05407272909597775,0.0321380417549335,1.254804015159607,0.9557533264160156,0.7811
151,0.05855540418599895,0.0480606699716759,1.3188124895095825,0.9947433471679688,0.79635
152,0.06851386216258216,0.05707044711869,1.1988686323165894,0.9304733276367188,0.746525
153,0.059625926422766554,0.0554336166188136,1.2647100687026978,1.0701789855957031,0.5929
154,0.05143424699453209,0.0242351895600418,1.1765210628509521,0.9408988952636719,0.710275
155,0.06204866777802179,0.0298710661856489,1.211444616317749,0.9380130767822266,0.7267
156,0.03707514181388296,0.0317149557765219,1.1692684888839722,0.9342823028564453,0.7242999999999999
157,0.0509536498155505,0.0314764610440647,1.21820867061615,0.9419784545898438,0.7385999999999999
158,0.08052239011860342,0.0763062720179732,1.2284952402114868,0.9436111450195312,0.730425
159,0.059962827827879255,0.0259935741377148,1.2180646657943726,0.9331741333007812,0.744925
160,0.048227560594429536,0.0424008556874468,1.1660767793655396,1.0041370391845703,0.6242
161,0.03867172027515291,0.0189076562236861,1.2679774761199951,0.9648513793945312,0.8066749999999999
162,0.04649425825912708,0.0457211638884168,1.3211777210235596,1.0302200317382812,0.677075
163,0.07049173290174289,0.0621922121178499,1.1439833641052246,0.9758720397949219,0.642
164,0.06734526357768875,0.046250653126151,1.140793800354004,0.927520751953125,0.704175
165,0.0658770694632258,0.0515843589357132,1.155275583267212,0.917724609375,0.7193499999999999
166,0.03566187048215908,0.0290276952074959,1.1327133178710938,1.0160064697265625,0.528025
167,0.0611263851277938,0.0385338259501963,1.2274017333984375,0.9466400146484375,0.73475
168,0.057743903680786565,0.0354890922421304,1.1941663026809692,0.9226226806640625,0.741675
169,0.051947357642716574,0.0341300733313687,1.273289442062378,0.9653701782226562,0.7966249999999999
170,0.058330725218580626,0.0378595421049681,1.3099443912506104,0.9854736328125,0.767475
171,0.061972232523162266,0.0555964521612878,1.192530870437622,0.983673095703125,0.6562
172,0.04787319680899633,0.0421994666768341,1.213763952255249,0.9342918395996094,0.79075
173,0.06229856558554881,0.0647225085940316,1.203332781791687,1.0000114440917969,0.6517
174,0.05370005389567801,0.0320151572537952,1.1937536001205444,0.9326171875,0.73315
175,0.07824677992435349,0.072778925578973,1.307948350906372,1.02777099609375,0.6859999999999999
176,0.06560574299321667,0.0508083134154762,1.1946523189544678,1.0095291137695312,0.632925
177,0.061001684421705546,0.058277859750774,1.2123304605484009,0.9498519897460938,0.746575
178,0.04874472468615418,0.0398692795336046,1.1856359243392944,1.0037460327148438,0.6305499999999999
179,0.054553965190216214,0.0466113095942546,1.2298951148986816,0.9395942687988281,0.7616499999999999
180,0.07003682756395856,0.0755072564851389,1.1735113859176636,1.0083847045898438,0.6175999999999999
181,0.06916047987578743,0.0747397790156583,1.2450896501541138,1.0147438049316406,0.6484
182,0.03489855832260936,0.0196655606921347,1.201067566871643,0.9870853424072266,0.65255
183,0.0642873027079622,0.0728258533691246,1.3552508354187012,1.037750244140625,0.729225
184,0.06639314504526009,0.0786390491080624,1.212946891784668,1.0670318603515625,0.578575
185,0.07525784869836619,0.0770490571524078,1.269533634185791,0.9898490905761719,0.7263999999999999
186,0.05776078822166063,0.0444567062334362,1.1900362968444824,1.0058441162109375,0.639675
187,0.06778610297913046,0.0612141971419646,1.33979332447052,1.0462188720703125,0.6665749999999999
188,0.042094030892986634,0.0198625442339853,1.1160510778427124,0.9589500427246094,0.63735
189,0.04474722455944931,0.0214349539062796,1.1895942687988281,0.9431304931640625,0.7107749999999999
190,0.06534457086801139,0.067600911834063,1.1996254920959473,0.9314651489257812,0.769475
191,0.06739175152896064,0.0612544207336327,1.3197112083435059,0.9852066040039062,0.7490249999999999
192,0.07267276440967599,0.0608855920020801,1.1981414556503296,0.9282684326171875,0.7510249999999999
193,0.05291845204708812,0.0347148404233621,1.2690526247024536,0.9593734741210938,0.796825
194,0.05306536317496003,0.0377178698237798,1.267104983329773,0.9662113189697266,0.7345499999999999
195,0.04512503550572546,0.038392345252646,1.2555547952651978,0.9542770385742188,0.7732249999999999
196,0.07805922116240999,0.0729615328933164,1.2551488876342773,0.9486007690429688,0.7752
197,0.07199593061322278,0.0615933651710172,1.2173172235488892,0.9852981567382812,0.673675
198,0.06297658519651006,0.0730138150134962,1.345496654510498,0.9942626953125,0.816075
199,0.069694777893266,0.1006377251251251,1.2360172271728516,0.9776611328125,0.687425
200,0.05388900501051518,0.0447439258967961,1.1624866724014282,0.9355735778808594,0.72085
201,0.06386663378633274,0.0589800728082536,1.256248950958252,0.9573936462402344,0.773625
202,0.08716209032457338,0.0935645376277989,1.2481600046157837,0.9927749633789062,0.672975
203,0.062341773691912045,0.0678305544148543,1.2216123342514038,0.9373626708984375,0.73735
204,0.05048577197810806,0.0390917507377253,1.1080548763275146,1.0048980712890625,0.575975
205,0.05262572868533888,0.0387836208595331,1.2521576881408691,1.0107250213623047,0.65445
206,0.06459967036285612,0.0513843530376334,1.2761971950531006,0.9748306274414062,0.785725
207,0.05516754674497912,0.0294575996950356,1.2664748430252075,0.9752731323242188,0.727225
208,0.03470981039476341,0.0273496321440802,1.226642370223999,0.9297122955322266,0.7996
209,0.048743312870211164,0.050280259257704,1.1840916872024536,0.9240493774414062,0.75195
210,0.04879555776987753,0.0304844791751861,1.2328356504440308,0.9488677978515625,0.7594
211,0.06027697658919497,0.056179500807957,1.2900718450546265,1.0194473266601562,0.6796
212,0.05553686386081902,0.0376662190685124,1.2581100463867188,1.0227165222167969,0.6242249999999999
213,0.06716360625237812,0.0814193236914775,1.2246732711791992,0.9266757965087891,0.7819499999999999
214,0.07159484300071052,0.0739526064039068,1.1778450012207031,0.9632644653320312,0.6653749999999999
215,0.06274979893047113,0.0367703818511131,1.1380730867385864,0.9636154174804688,0.651075
216,0.0521415841723258,0.0476257027465486,1.2189254760742188,1.0419960021972656,0.59725
217,0.0634683014045321,0.055022994197543,1.3517309427261353,1.0287017822265625,0.733775
218,0.06398400601832287,0.0579657123218453,1.2209547758102417,0.9356613159179688,0.759525
219,0.07101649302374187,0.0779510977461654,1.0954867601394653,1.0015792846679688,0.5660499999999999
220,0.0568132848321119,0.0229672478290944,1.2555196285247803,0.9449615478515625,0.7823249999999999
221,0.06076103891864458,0.0563490575847523,1.1680084466934204,1.0289306640625,0.590725
222,0.056174484132122254,0.0365316155923665,1.1440706253051758,0.9351959228515625,0.69095
223,0.05246423445076977,0.0584158160936567,1.0900288820266724,0.9729824066162109,0.61005
224,0.08011358769951502,0.0838483555748439,1.1824119091033936,1.0302925109863281,0.589225
225,0.05373465214087723,0.0562259014806727,1.1966159343719482,0.9877700805664062,0.6693749999999999
226,0.0510774703069769,0.04463046279227,1.164797306060791,1.051290512084961,0.5446
227,0.06258313103674307,0.0580421991943467,1.232256293296814,1.040151596069336,0.60585
228,0.08546948385362108,0.1096412824707044,1.1681571006774902,1.0288219451904297,0.59275
229,0.07700171513388386,0.0707550914045214,1.2958086729049683,1.0037384033203125,0.71565
230,0.05843686312537379,0.0626388318564181,1.2377417087554932,0.9506683349609375,0.754475
231,0.06043495872737577,0.0563712109911307,1.1766386032104492,0.9189949035644531,0.7502
232,0.033267524118170806,0.0270873427824631,1.1589469909667969,0.9914016723632812,0.634375
233,0.07261729795725944,0.0819752278731016,1.1488441228866577,0.9421577453613281,0.690225
234,0.0636791381242487,0.0696004885594447,1.2554384469985962,0.9501876831054688,0.77515
235,0.043818266450597415,0.0166187341700393,1.1588988304138184,0.9569091796875,0.6747
236,0.05877500964455575,0.0591437766975104,1.2188746929168701,0.9998664855957031,0.6576
237,0.05505424166854541,0.0571628140863822,1.204432725906372,0.9629478454589844,0.7037
238,0.0723209220693672,0.041296264146581,1.1485178470611572,0.935760498046875,0.694925
239,0.07284468183286251,0.0772369311319494,1.333109736442566,0.9877128601074219,0.8424499999999999
240,0.06146986088152006,0.0626963749339779,1.1032946109771729,0.9581336975097656,0.641475
241,0.05398750638413521,0.0390511863926121,1.2318023443222046,0.984832763671875,0.679925
242,0.06152326119493626,0.042931933684656,1.1566144227981567,0.9483489990234375,0.678225
243,0.05315894965842746,0.0481909151389459,1.186571717262268,1.0019035339355469,0.68075
244,0.06384714789669924,0.0522781327493362,1.2525744438171387,1.0076675415039062,0.654925
245,0.05388916425673475,0.0421248257703723,1.1933958530426025,0.9602737426757812,0.686425
246,0.054093899514760346,0.0548866606595765,1.2151830196380615,0.9326934814453125,0.7582749999999999
247,0.05637481117985175,0.0465326788525915,1.2338353395462036,0.9675216674804688,0.70885
248,0.07250240825159308,0.071338870041302,1.219942331314087,0.9546909332275391,0.70675
249,0.0667281949452042,0.0577532954794719,1.202231764793396,0.9264984130859375,0.765725
250,0.07775473550043305,0.0766607206592766,1.2379752397537231,1.0259017944335938,0.6184999999999999
251,0.05386953652648719,0.0275942699337292,1.2502479553222656,0.9518795013427734,0.7818499999999999
252,0.049560684378109794,0.0407773259018844,1.2906955480575562,0.9896774291992188,0.703325
253,0.050673594659833725,0.0423683899016964,1.1380220651626587,0.9790115356445312,0.638475
254,0.06795347960663796,0.0540291779915857,1.2216678857803345,1.0536689758300781,0.5863999999999999
255,0.051784456039811744,0.0373603906423909,1.2943236827850342,0.979583740234375,0.834125
256,0.05786294094636196,0.0480352448689131,1.1622440814971924,0.9547920227050781,0.6799
257,0.07741724896733788,0.0663933513442884,1.298025369644165,0.985565185546875,0.803075
258,0.054277487594423586,0.0381501666874442,1.131589651107788,1.0067863464355469,0.6174999999999999
259,0.05528679251190403,0.0493679517061309,1.2535909414291382,1.0304107666015625,0.621425
260,0.07491598981849269,0.0547013089043275,1.2396953105926514,0.9476528167724609,0.7966
261,0.058665130116524904,0.0282691276185005,1.2109217643737793,0.9408149719238281,0.75605
262,0.0391990825616411,0.0250427265036152,1.1810963153839111,1.0422534942626953,0.5887
263,0.0659351546067949,0.0511482719699643,1.1476067304611206,0.9367408752441406,0.698075
264,0.07709177405048355,0.0627020450233999,1.2234832048416138,0.9597053527832031,0.7026249999999999
265,0.05903895501767524,0.0631723453275867,1.3063616752624512,1.20172119140625,0.767125
266,0.05504911904957131,0.0426184917056957,1.1639353036880493,0.9839839935302734,0.6428499999999999
267,0.08156421791413723,0.069027485053482,1.2737605571746826,0.9687576293945312,0.770725
268,0.0672442102580683,0.0538438942420379,1.180507779121399,1.0052413940429688,0.646825
269,0.0742759375402333,0.0711276823441835,1.1822916269302368,0.9723625183105469,0.65825
270,0.07428439858904158,0.0724831710830358,1.2437241077423096,0.9819717407226562,0.708625
271,0.07659464280881076,0.0880890699575047,1.2142614126205444,0.9273815155029297,0.7613
272,0.06421589727435503,0.072555840123357,1.1983345746994019,0.9259719848632812,0.75635
273,0.03989063077738856,0.0234816411690083,1.2471492290496826,1.0040931701660156,0.6574
274,0.048753245829034376,0.0328976141491921,1.1461005210876465,0.935211181640625,0.696525
275,0.055534315885432214,0.0420670820766986,1.3060545921325684,0.97027587890625,0.842425
276,0.07706873604655028,0.0760593499452966,1.1310025453567505,1.0341567993164062,0.553325
277,0.07799730159013785,0.0716715036707,1.202430009841919,0.93145751953125,0.73635
278,0.054848843920306964,0.0404063294881211,1.2180817127227783,0.9423828125,0.7218749999999999
279,0.04878864981456479,0.0501542181204811,1.1280543804168701,1.0345287322998047,0.5285
280,0.05185833399877437,0.050869575826947,1.2775068283081055,1.0277862548828125,0.6365
281,0.0449725477655119,0.0471185111777572,1.228354573249817,0.9609565734863281,0.7063999999999999
282,0.0901519142602247,0.103579049935206,1.202366590499878,0.9549522399902344,0.69805
283,0.04648170763007945,0.0338805237436758,1.2797434329986572,0.9769821166992188,0.7571249999999999
284,0.04572342590649302,0.0467445457560984,1.0690665245056152,0.9868431091308594,0.5620499999999999
285,0.060909180295215505,0.0305949259611111,1.2043311595916748,0.9473381042480469,0.7021
286,0.036747225369591255,0.0291592566433879,1.2479252815246582,1.0626449584960938,0.590575
287,0.05788295435740483,0.0514584825996848,1.2835787534713745,0.9732589721679688,0.7919999999999999
288,0.060797147495375875,0.0515722146188295,1.1993920803070068,0.93206787109375,0.7410749999999999
289,0.06584371189660035,0.0548585388801257,1.2182120084762573,1.0311470031738281,0.60375
290,0.054452620466578144,0.0346116597796708,1.2145440578460693,0.9452590942382812,0.71585
291,0.04679600905052234,0.0214465659536813,1.1805458068847656,0.9267425537109375,0.759925
292,0.043343029201871545,0.0169804964259583,1.2615954875946045,0.9586715698242188,0.7804249999999999
293,0.0598781095537038,0.0713339686386689,1.2818584442138672,0.9644889831542969,0.8210999999999999
294,0.06010731171267653,0.072786423611717,1.2008179426193237,0.9301414489746094,0.7556499999999999
295,0.05356333893738146,0.0578227058793459,1.7723995447158813,1.136627197265625,1.66415
296,0.05937486933874982,0.0366889736733739,1.1761544942855835,1.04754638671875,0.572975
297,0.060788703221139016,0.0633756777664302,1.1830980777740479,0.97979736328125,0.667925
298,0.08433355179032657,0.0840485796437064,1.2458871603012085,1.036092758178711,0.6243
299,0.054074622343406605,0.0371295967419769,1.2826465368270874,1.0157394409179688,0.701375
300,0.05863733145569383,0.0535760690825668,1.137778878211975,0.9309234619140625,0.6886
301,0.05932894920353783,0.0454577116987024,1.1924093961715698,0.99212646484375,0.6494249999999999
302,0.05429616274117786,0.0258272422255458,1.1310992240905762,0.9279403686523438,0.6916749999999999
303,0.06447006727084605,0.0638634033889502,1.1313815116882324,0.9283409118652344,0.6916749999999999
304,0.05487467772529185,0.0273138680968827,1.131375789642334,0.9283409118652344,0.6916749999999999
305,0.07969808219444273,0.0914346209995073,1.137018084526062,0.93402099609375,0.69295
306,0.08234905417739707,0.0876541929405902,1.1313738822937012,0.9283409118652344,0.6916749999999999
307,0.048961583379907234,0.033767865111713,1.131282925605774,0.9279403686523438,0.6916749999999999
308,0.06135137190304759,0.0737533137435662,1.1377249956130981,0.9348182678222656,0.693125
309,0.0645521299550521,0.0471221064821065,1.136589527130127,0.93365478515625,0.692825
310,0.04817795364753565,0.0520702346240113,1.131094217300415,0.9279403686523438,0.6916749999999999
311,0.05440195815034606,0.0367325221582177,1.1368980407714844,0.93402099609375,0.6929
312,0.05380596772831203,0.0481361072115191,1.1309348344802856,0.9276084899902344,0.69155
313,0.07511957293375657,0.0857054298787716,1.131309151649475,0.9279403686523438,0.6916749999999999
314,0.05950512534315652,0.0623193412883438,1.1372445821762085,0.9342041015625,0.692975
315,0.0632878207115877,0.066901866087619,1.131360650062561,0.9283409118652344,0.6916749999999999
316,0.06056645658810199,0.059991696265115,1.1310771703720093,0.9279403686523438,0.6916749999999999
317,0.051204745942113834,0.0424420345946714,1.131377935409546,0.9283409118652344,0.6916749999999999
318,0.0662105935798221,0.0778046211080436,1.1313552856445312,0.9283409118652344,0.6916749999999999
319,0.047936319337700366,0.0427478787544259,1.1368725299835205,0.93402099609375,0.6929
320,0.05096053756541933,0.035136817035493,1.131360650062561,0.9283409118652344,0.6916749999999999
321,0.06884397666783704,0.0645285193668314,1.1338361501693726,0.9305076599121094,0.692025
322,0.04846636452644893,0.027053060204139,1.1325405836105347,0.9292678833007812,0.6917749999999999
323,0.05659029307535546,0.0362770616090983,1.1310869455337524,0.9279403686523438,0.6916749999999999
324,0.0669395380896988,0.0698575734261339,1.1313589811325073,0.9283409118652344,0.6916749999999999
325,0.03818818738223735,0.0267121887022767,1.1313539743423462,0.9283409118652344,0.6916749999999999
326,0.059053241121136635,0.0478196928298757,1.1337196826934814,0.9303722381591797,0.6920999999999999
327,0.061592204574028156,0.0369110776109096,1.1313731670379639,0.9283409118652344,0.6916749999999999
328,0.07699065037814136,0.0833230370882915,1.1310878992080688,0.9279403686523438,0.6916749999999999
329,0.05011397355261622,0.0192289065947761,1.1313776969909668,0.9283409118652344,0.6916749999999999
330,0.05833533206673878,0.0673028476873582,1.1372696161270142,0.9342613220214844,0.692925
331,0.05332989515044347,0.0487017019735276,1.1312861442565918,0.927978515625,0.6916749999999999
332,0.07291281917080848,0.0636253432706439,1.1310880184173584,0.9279403686523438,0.6916749999999999
333,0.060311001921650995,0.0588363583445357,1.131100058555603,0.9279403686523438,0.6916749999999999
334,0.04262204167815211,0.0235970433114403,1.1371649503707886,0.9342041015625,0.692925
335,0.06573854497280408,0.0624963825298436,1.1313649415969849,0.9283409118652344,0.6916749999999999
336,0.040783707441639616,0.0220490325484635,1.1313649415969849,0.9283409118652344,0.6916749999999999
337,0.05698046054762085,0.0796533242839245,1.131364345550537,0.9283409118652344,0.6916749999999999
338,0.04179623421090345,0.0193920828621976,1.137209415435791,0.93402099609375,0.69295
339,0.036609101062535024,0.0361414289511117,1.131363034248352,0.9283409118652344,0.6916749999999999
340,0.03756146695380628,0.0402994850753088,1.131333351135254,0.9279403686523438,0.6916749999999999
341,0.050000948214356356,0.0439585651180891,1.1313832998275757,0.9283409118652344,0.6916749999999999
342,0.062693998828945,0.0714138518358709,1.131083607673645,0.9279403686523438,0.6916749999999999
343,0.06135624099481733,0.0365607653640722,1.131357192993164,0.928009033203125,0.6916749999999999
344,0.06569546125872619,0.0431931688613644,1.1368305683135986,0.9336738586425781,0.6929
345,0.046725884845665984,0.030116168007396,1.1313661336898804,0.9283409118652344,0.6916749999999999
346,0.08368460804837013,0.0855306533533735,1.1313620805740356,0.9283409118652344,0.6916749999999999
347,0.04592570613165826,0.0156294258624071,1.13100004196167,0.9276351928710938,0.6915749999999999
348,0.06140266877125312,0.0444319767985348,1.1309537887573242,0.9278678894042969,0.69155
349,0.050750609709156666,0.0433104058641333,1.1370989084243774,0.9342632293701172,0.6929
350,0.05566441247388774,0.0204879409358795,1.131091833114624,0.9279403686523438,0.6916749999999999
351,0.05313724931229397,0.0242919193618784,1.1310874223709106,0.9279403686523438,0.6916749999999999
352,0.05187981660294745,0.0109957486325303,1.1310877799987793,0.9279403686523438,0.6916749999999999
353,0.06398466840956282,0.0588851603974376,1.131377935409546,0.9283409118652344,0.6916749999999999
354,0.05900606154127702,0.0483814218717952,1.1313287019729614,0.9279403686523438,0.6916749999999999
355,0.06813889434886705,0.0566516752231791,1.1313600540161133,0.9283409118652344,0.6916749999999999
356,0.06117134706824236,0.0393090877090003,1.1309858560562134,0.9276809692382812,0.69155
357,0.08463158611897177,0.0910246473698066,1.1310986280441284,0.9279403686523438,0.6916749999999999
358,0.05858581486395913,0.0253819352294613,1.131078839302063,0.9279403686523438,0.6916749999999999
359,0.054080597385324905,0.0359604450413257,1.1310908794403076,0.9279403686523438,0.6916749999999999
360,0.059568570720234415,0.0787680076792867,1.1313625574111938,0.9283409118652344,0.6916749999999999
361,0.06018135046198839,0.0653168882012664,1.131078839302063,0.9279403686523438,0.6916749999999999
362,0.048977727969920365,0.0360785831240377,1.1313687562942505,0.9283409118652344,0.6916749999999999
363,0.06565174527424984,0.065882660075772,1.1309571266174316,0.9276809692382812,0.69155
364,0.04368026150995154,0.0131563012858563,1.1310973167419434,0.9279403686523438,0.6916749999999999
365,0.04763757071762786,0.0430107083923871,1.1310933828353882,0.9279403686523438,0.6916749999999999
366,0.05935414212727522,0.0463108233922753,1.1313813924789429,0.9283409118652344,0.6916749999999999
367,0.05684017450602882,0.0494514237162775,1.1313694715499878,0.9283409118652344,0.6916749999999999
368,0.054268064059713225,0.0387319361149707,1.1313791275024414,0.9283409118652344,0.6916749999999999
369,0.048485064047283914,0.0556614042829928,1.0531599521636963,0.8529205322265625,0.60665
370,0.05135951937072463,0.0428023091963609,1.131364107131958,0.9283409118652344,0.6916749999999999
371,0.03780078161368022,0.0224986220757592,1.1313607692718506,0.9283409118652344,0.6916749999999999
372,0.04298303061235599,0.0133114805948007,1.1368944644927979,0.93402099609375,0.6929
373,0.04908321436002956,0.038463701083117,1.137197732925415,0.9342041015625,0.692925
374,0.07340069068002791,0.0692629929578743,1.1313711404800415,0.9283409118652344,0.6916749999999999
375,0.06485804585316177,0.0660101556237577,1.1313743591308594,0.9283409118652344,0.6916749999999999
376,0.04884258491402946,0.0220899683225752,1.1313703060150146,0.9283409118652344,0.6916749999999999
377,0.04669839523134187,0.031503952467176,1.1367939710617065,0.9337310791015625,0.69285
378,0.057107139941168256,0.0474065102894769,1.1310750246047974,0.9279403686523438,0.6916749999999999
379,0.05846486013489589,0.0612717638144317,1.131367564201355,0.9283409118652344,0.6916749999999999
380,0.0769971750224432,0.074983126394045,1.1313799619674683,0.9283409118652344,0.6916749999999999
381,0.0627722861479647,0.0452275248715636,1.1372562646865845,0.9342632293701172,0.693
382,0.041762203126061034,0.0253832474004411,1.1310800313949585,0.9279403686523438,0.6916749999999999
383,0.06799188625407497,0.063952103107681,1.1322623491287231,0.9291229248046875,0.6917249999999999
384,0.06422197051943855,0.0408159428446879,1.1370165348052979,0.9342327117919922,0.6929
385,0.054197434100916056,0.0616035511776544,1.1313124895095825,0.928009033203125,0.6916749999999999
386,0.05412389491324077,0.0183476522963133,1.1313633918762207,0.9283409118652344,0.6916749999999999
387,0.05691395436823242,0.0412285623773414,1.1313626766204834,0.9283409118652344,0.6916749999999999
388,0.0541529953207093,0.0506591392966697,1.1338963508605957,0.9304008483886719,0.692025
389,0.06091010145714265,0.0606137955996359,1.1370807886123657,0.9342041015625,0.692925
390,0.050608751268975245,0.0348486717782066,1.1313755512237549,0.9283409118652344,0.6916749999999999
391,0.04299226698161409,0.0195216872988887,1.131371021270752,0.9283409118652344,0.6916749999999999
392,0.05195465952363205,0.04090999267504,1.1313637495040894,0.9283409118652344,0.6916749999999999
393,0.0492007636960667,0.0459867254341475,1.1370148658752441,0.9342327117919922,0.6929
394,0.051689390747484125,0.0294489446600323,1.1313726902008057,0.9283409118652344,0.6916749999999999
395,0.06893685042021268,0.0755705278818936,1.131276249885559,0.9279403686523438,0.6916749999999999
396,0.03435708611120734,0.0210206694190567,1.1369048357009888,0.9342327117919922,0.6929
397,0.07543731618754304,0.0609963436247085,1.1313750743865967,0.9283409118652344,0.6916749999999999
398,0.028229543558055455,0.0105125727080929,1.1332037448883057,0.9300079345703125,0.691875
399,0.06047534551759293,0.0696625578141834,1.131098985671997,0.9279403686523438,0.6916749999999999
400,0.05848143898656141,0.0514343021739591,1.1372227668762207,0.9342041015625,0.692925
401,0.058957251416585685,0.0548796898789873,1.1313235759735107,0.928009033203125,0.6916749999999999
402,0.06370762851459459,0.0570553980148247,1.1310160160064697,0.9277267456054688,0.6915749999999999
403,0.0481534885512148,0.034352372149101,1.131323218345642,0.9279403686523438,0.6916749999999999
404,0.058070929624589235,0.0607207047978022,1.1310832500457764,0.9279403686523438,0.6916749999999999
405,0.06776885250631501,0.0610977623606459,1.1372179985046387,0.9342327117919922,0.69295
406,0.07208595911966453,0.0790032299327663,1.1313577890396118,0.9283409118652344,0.6916749999999999
407,0.062367187005834226,0.0711249781804213,1.1313633918762207,0.9283409118652344,0.6916749999999999
408,0.050490602081856045,0.06312613230034,1.1313880681991577,0.9283409118652344,0.6916749999999999
409,0.0700850669886381,0.0687829301083411,1.1313576698303223,0.9283409118652344,0.6916749999999999
410,0.07690814703071107,0.0869666903193433,1.130933403968811,0.9276084899902344,0.69155
411,0.04659520932138479,0.0301710788986042,1.1313765048980713,0.9283409118652344,0.6916749999999999
412,0.07185817643636931,0.0734312143583793,1.131359577178955,0.9283409118652344,0.6916749999999999
413,0.055747176117587866,0.0459012721172484,1.1368547677993774,0.9336814880371094,0.6929
414,0.07680251533596708,0.0580107400964493,1.131357192993164,0.9283409118652344,0.6916749999999999
415,0.06171938439792607,0.0533256631701988,1.137181282043457,0.9342632293701172,0.6929
416,0.0512352272509203,0.0362336288541769,1.1368712186813354,0.93402099609375,0.6929
417,0.045974512323123,0.0242502248895561,1.13108491897583,0.9279403686523438,0.6916749999999999
418,0.06403148450410551,0.0412811481879771,1.1313811540603638,0.9283409118652344,0.6916749999999999
419,0.06604424393211085,0.0630731908167945,1.1313581466674805,0.9283409118652344,0.6916749999999999
420,0.06904141022055285,0.0553358334279892,1.1313790082931519,0.9283409118652344,0.6916749999999999
421,0.04752356144661403,0.0327625170414194,1.131085753440857,0.9279403686523438,0.6916749999999999
422,0.06466081876087018,0.0542043946614967,1.1310744285583496,0.9279403686523438,0.6916749999999999
423,0.04891084473342575,0.0249748393401318,1.1313613653182983,0.9283409118652344,0.6916749999999999
424,0.06048960591710404,0.0702804048254392,1.131371259689331,0.9283409118652344,0.6916749999999999
425,0.03678528810270635,0.0141838564024396,1.1313568353652954,0.9283409118652344,0.6916749999999999
426,0.04660843593709935,0.0343685050814315,1.1309185028076172,0.9276084899902344,0.69155
427,0.07581903535380548,0.0810306781605731,1.1370940208435059,0.9342041015625,0.692925
428,0.06414220823913137,0.0595874312660384,1.1310759782791138,0.9279403686523438,0.6916749999999999
429,0.07159945597862825,0.0634387367002204,1.1313631534576416,0.9283409118652344,0.6916749999999999
430,0.06874045577132298,0.0783158503861045,1.1323657035827637,0.9295425415039062,0.6917249999999999
431,0.056336136517055525,0.0529199318696669,1.1313657760620117,0.9283409118652344,0.6916749999999999
432,0.06706761684796815,0.0780623941367935,1.137120008468628,0.93402099609375,0.69295
433,0.04668020709591564,0.0192595787134664,1.131376028060913,0.9283409118652344,0.6916749999999999
434,0.06392628165446627,0.0624647063002612,1.1313953399658203,0.928070068359375,0.69165
435,0.0643913716401688,0.0608765096729939,1.1313865184783936,0.9283409118652344,0.6916749999999999
436,0.06158892939231354,0.0754718607085539,1.1310909986495972,0.9279403686523438,0.6916749999999999
437,0.06133014608131735,0.0591756937135414,1.1310924291610718,0.9279403686523438,0.6916749999999999
438,0.06388083232135912,0.0470081336701468,1.1313753128051758,0.9283409118652344,0.6916749999999999
439,0.04610951759634672,0.0196686637565903,1.1313691139221191,0.9283409118652344,0.6916749999999999
440,0.06018442410199927,0.07013414883437,1.1347565650939941,0.9313774108886719,0.692225
441,0.07545805463352981,0.0530010721836902,1.131359577178955,0.9283409118652344,0.6916749999999999
442,0.057266350615478516,0.0563187971834509,1.1325657367706299,0.9296054840087891,0.69175
443,0.05470048524632289,0.0516454953441893,1.137062907218933,0.9342327117919922,0.6929
444,0.05765202212891599,0.0561218403492489,1.13137948513031,0.9283409118652344,0.6916749999999999
445,0.06410159623639777,0.0706801169978916,1.136834740638733,0.93402099609375,0.6929
446,0.061560619994158225,0.0528769665910431,1.1310811042785645,0.9279403686523438,0.6916749999999999
447,0.07162534772470802,0.0700015405982412,1.1313790082931519,0.9283409118652344,0.6916749999999999
448,0.07030939536835583,0.0786689026008389,1.1377766132354736,0.9309196472167969,0.6886
449,0.0592346407932218,0.0590604358251312,1.1377781629562378,0.9309234619140625,0.6886
450,0.07257882054422661,0.0841122146561588,1.1927365064620972,0.9290542602539062,0.7278749999999999
451,0.057728097145863584,0.0225833884625063,1.2492573261260986,0.9503707885742188,0.7944749999999999
452,0.05253297540685825,0.0380825290162681,1.19792902469635,0.97161865234375,0.675275
453,0.06033235507879263,0.0478187808712901,1.2156938314437866,0.9786796569824219,0.67675
454,0.0552942626581054,0.0511910014382124,1.1832579374313354,0.9700584411621094,0.667225
455,0.06004062393169561,0.0800033069677397,1.149099349975586,1.03131103515625,0.567025
456,0.06390894322082817,0.0606379042345111,1.2262804508209229,0.9810447692871094,0.67685
457,0.06226210215617173,0.0453500434332454,1.2422641515731812,1.016571044921875,0.645625
458,0.059533902467524435,0.0521799092012943,1.2171074151992798,1.0151233673095703,0.6248
459,0.06770526266697699,0.0750772949408542,1.1776096820831299,0.9766311645507812,0.672075
460,0.0713493187326981,0.0854985847574312,1.2039527893066406,0.9728908538818359,0.6869999999999999
461,0.053161531705031975,0.0668398821591722,1.1587549448013306,1.0260944366455078,0.58
462,0.0609155301526547,0.0438925223878641,1.2971488237380981,0.9741897583007812,0.7775249999999999
463,0.07467105661086444,0.0540577683245376,1.2817559242248535,1.015716552734375,0.653225
464,0.06276769736429498,0.0656605318775973,1.2115774154663086,1.0244979858398438,0.6315
465,0.0528321279549315,0.0450177277186867,1.162702202796936,0.917510986328125,0.7329749999999999
466,0.062264760620028614,0.0641161607520643,1.2064473628997803,0.9402656555175781,0.7153999999999999
467,0.05855251572678787,0.0468507815669454,1.198721170425415,0.9282379150390625,0.76635
468,0.07281900462660465,0.0619911447031737,1.2110943794250488,1.0017166137695312,0.64755
469,0.06939069597563324,0.054685835459475,1.309940218925476,1.0376548767089844,0.6538499999999999
470,0.07728124822271022,0.0861993439898469,1.2978111505508423,1.0115509033203125,0.683075
471,0.07362146961814495,0.0604148047654575,1.2978918552398682,1.011575698852539,0.6830499999999999
472,0.06141043982594693,0.0632135271700917,1.2978678941726685,1.0115718841552734,0.6830499999999999
473,0.05858065507280392,0.0484292692252407,1.2978036403656006,1.0114860534667969,0.6830999999999999
474,0.05830340388860703,0.0625866440310574,1.2978763580322266,1.011575698852539,0.6830499999999999
475,0.0751399064825488,0.0988049567826578,1.2978265285491943,1.0115585327148438,0.683075
476,0.05637774033120047,0.0516542673589072,1.2978267669677734,1.0115509033203125,0.683075
477,0.06268200692890073,0.061488023152893,1.297823429107666,1.0115509033203125,0.683075
478,0.045447309509694535,0.0312871629549575,1.2978355884552002,1.0115509033203125,0.683075
479,0.07051699284927725,0.0793906899774015,1.297812819480896,1.0115509033203125,0.683075
480,0.06272670297873366,0.0527251925342966,1.2978403568267822,1.0115432739257812,0.683075
481,0.0680493097122406,0.0657986220797965,1.2978228330612183,1.0115509033203125,0.683075
482,0.06186933866658752,0.0499099422257813,1.2978092432022095,1.0115509033203125,0.683075
483,0.0702115472883385,0.069057513709879,1.2978172302246094,1.0115509033203125,0.683075
484,0.05366174580421109,0.0477048945396657,1.297812819480896,1.0115509033203125,0.683075
485,0.07361699908674896,0.0688902159192821,1.2978233098983765,1.0115509033203125,0.683075
486,0.05254510492340007,0.0250312688506053,1.2978217601776123,1.0115509033203125,0.683075
487,0.0697797005108936,0.0684435497084336,1.297830581665039,1.0115509033203125,0.683075
488,0.06698079151958701,0.0604430465261316,1.2978311777114868,1.0115585327148438,0.683075
489,0.05175184805008143,0.0507147943801555,1.2978712320327759,1.0115718841552734,0.6830499999999999
490,0.05735803023254264,0.0697897562914136,1.297831416130066,1.0115509033203125,0.683075
491,0.047809225866176155,0.0378195186190741,1.2978371381759644,1.0115585327148438,0.683075
492,0.0643902636438554,0.0918638092724108,1.2978616952896118,1.0115718841552734,0.6830499999999999
493,0.052614089771318005,0.0418995268784101,1.2978131771087646,1.0115509033203125,0.683075
494,0.07277835468880874,0.0464396689624209,1.29781973361969,1.0115509033203125,0.683075
495,0.03870815155779255,0.0511925638351947,1.2978147268295288,1.0115509033203125,0.683075
496,0.06205478605930745,0.0420972116815505,1.2978308200836182,1.0115509033203125,0.683075
497,0.06677132989234574,0.0659755130999428,1.2978399991989136,1.0115509033203125,0.683075
498,0.05783080413115282,0.0427683207702784,1.2978674173355103,1.0115718841552734,0.6830499999999999
499,0.057988119939212546,0.0579872674371131,1.2978849411010742,1.011575698852539,0.6830499999999999
500,0.06381920841992758,0.0447516835940622,1.297904133796692,1.0115928649902344,0.683025
501,0.04745329140350173,0.0328864885873372,1.2968463897705078,1.0114288330078125,0.682825
502,0.05634644575411291,0.0522934791325155,1.2977999448776245,1.0115509033203125,0.683075
503,0.07411526053375753,0.0736824941648137,1.2978850603103638,1.0115718841552734,0.6830499999999999
504,0.05125584787527249,0.0489042673544872,1.2978320121765137,1.0115509033203125,0.683075
505,0.07080896388780149,0.0723669296345974,1.2977889776229858,1.0114898681640625,0.6830999999999999
506,0.0796231245135801,0.0711969070618465,1.297825813293457,1.0115509033203125,0.683075
507,0.05067224361484152,0.0442195201672492,1.2978233098983765,1.0115509033203125,0.683075
508,0.0407690385010021,0.0262721976893089,1.2977970838546753,1.0114898681640625,0.6830999999999999
509,0.06174220870883939,0.0382438995873615,1.2978825569152832,1.0115623474121094,0.6830499999999999
510,0.073930140837495,0.0602026878901824,1.2978191375732422,1.0115585327148438,0.683075
511,0.04595621879020324,0.0233093961014105,1.2978737354278564,1.0115718841552734,0.6830499999999999
512,0.06322624853079661,0.0484325028017451,1.297812581062317,1.0114936828613281,0.6830999999999999
513,0.06827255103529117,0.0635606402872781,1.2978198528289795,1.0115509033203125,0.683075
514,0.05404373515165463,0.0445870481705879,1.2978205680847168,1.0115509033203125,0.683075
515,0.06437417754640401,0.0416848329559648,1.2978343963623047,1.0115509033203125,0.683075
516,0.07149780928987999,0.0604425869111651,1.2978696823120117,1.0115718841552734,0.6830499999999999
517,0.05929021348489294,0.0389564453068564,1.297937035560608,1.0115928649902344,0.683025
518,0.052194995898918614,0.0387965120504108,1.2978440523147583,1.0115509033203125,0.683075
519,0.05379328772356006,0.0467162453143146,1.2978235483169556,1.0115509033203125,0.683075
520,0.06222532879069966,0.0503589047636446,1.2978315353393555,1.0115509033203125,0.683075
521,0.053088264524906836,0.0642096795057227,1.297863483428955,1.0115680694580078,0.6830499999999999
522,0.06685529162492232,0.0635978528977148,1.297877550125122,1.011575698852539,0.6830499999999999
523,0.055565145641009485,0.0366050648333307,1.2978147268295288,1.0115509033203125,0.683075
524,0.051484224536995325,0.0317987257246993,1.297821044921875,1.0115509033203125,0.683075
525,0.07396857862011409,0.0527975124624617,1.297869086265564,1.0115585327148438,0.683075
526,0.05889452246933828,0.0451771977710677,1.2978379726409912,1.0115509033203125,0.683075
527,0.05250456756188789,0.0601690584885381,1.2978219985961914,1.0115509033203125,0.683075
528,0.05144620318824014,0.0444960627798133,1.2978670597076416,1.0115718841552734,0.6830499999999999
529,0.05499690846304685,0.0625737873519628,1.2978135347366333,1.0115509033203125,0.683075
530,0.058414817561972185,0.0523119783067413,1.2978042364120483,1.0115509033203125,0.683075
531,0.059554013025227684,0.0488386179970196,1.2978249788284302,1.0115509033203125,0.683075
532,0.07051339328393352,0.0560449059256598,1.2978371381759644,1.0115509033203125,0.683075
533,0.07030152811699715,0.0493478863011773,1.2978073358535767,1.0115509033203125,0.683075
534,0.06671787272453747,0.0517577240692617,1.2978365421295166,1.0115509033203125,0.683075
535,0.07316101531151455,0.0522795301370117,1.2978737354278564,1.0115718841552734,0.6830499999999999
536,0.05107724637486493,0.0429408491856975,1.2978408336639404,1.0115585327148438,0.683075
537,0.0763187032990811,0.0881426900160136,1.297823429107666,1.0115509033203125,0.683075
538,0.057553873056275795,0.0426364067454622,1.297825574874878,1.0115585327148438,0.683075
539,0.0620867635009633,0.0680741798151984,1.2978315353393555,1.0115509033203125,0.683075
540,0.03694691631213409,0.0348515307619947,1.297878623008728,1.0115718841552734,0.6830499999999999
541,0.06290664436684237,0.0629974011029048,1.297825574874878,1.0115509033203125,0.683075
542,0.05447723432374079,0.0466531879080776,1.297808051109314,1.0115509033203125,0.683075
543,0.049821750640836576,0.0523992704323177,1.2978371381759644,1.0115509033203125,0.683075
544,0.06089990026330951,0.0546555961089684,1.2978336811065674,1.0115509033203125,0.683075
545,0.05422732900667582,0.0633781396988979,1.2978272438049316,1.0115509033203125,0.683075
546,0.057559931390997736,0.0506517410589708,1.297803282737732,1.0114974975585938,0.6830999999999999
547,0.0475263256893386,0.0552601438580277,1.2977869510650635,1.0114898681640625,0.6830999999999999
548,0.05692373236339918,0.0487108920230064,1.297831416130066,1.0115585327148438,0.683075
549,0.07040765629851733,0.0768627818665095,1.2978675365447998,1.0115718841552734,0.6830499999999999
550,0.08007183308695623,0.0954047709091128,1.2978217601776123,1.0115509033203125,0.683075
551,0.06669338703571025,0.0413099774320357,1.297849178314209,1.0115718841552734,0.6830499999999999
552,0.0701837104644647,0.0508595324815814,1.2978265285491943,1.0115509033203125,0.683075
553,0.0715704084593303,0.0631349053598455,1.2978248596191406,1.0115509033203125,0.683075
554,0.05265281701914877,0.054753666882334,1.297863483428955,1.0115718841552734,0.6830499999999999
555,0.0723846427813745,0.0747265701895685,1.2978265285491943,1.0115509033203125,0.683075
556,0.08382745915598508,0.0769764827481367,1.297872543334961,1.011575698852539,0.6830499999999999
557,0.0570215978228133,0.0384234745719292,1.2978583574295044,1.0115718841552734,0.6830499999999999
558,0.08145654214947043,0.0694124178928632,1.297821044921875,1.0115509033203125,0.683075
559,0.0775176339691956,0.0831386951177819,1.2978088855743408,1.0115509033203125,0.683075
560,0.043702768985084885,0.0342313025008609,1.297882318496704,1.0115718841552734,0.6830499999999999
561,0.052974694063774946,0.0535654820795912,1.2978394031524658,1.0115509033203125,0.683075
562,0.0811755980604107,0.088671018471075,1.2978475093841553,1.0115509033203125,0.683075
563,0.05279772681564393,0.0472959662495094,1.2978135347366333,1.0115509033203125,0.683075
564,0.05123969095971347,0.0390355002347416,1.2978341579437256,1.0115509033203125,0.683075
565,0.04840288932476323,0.0372957432974203,1.2978843450546265,1.011575698852539,0.6830499999999999
566,0.050512641438251196,0.0415368743790705,1.2978099584579468,1.0115509033203125,0.683075
567,0.06776185397688914,0.0551379131436533,1.2968422174453735,1.0113296508789062,0.68285
568,0.07214060547445493,0.0518040512168421,1.2978383302688599,1.0115585327148438,0.683075
569,0.080148203267798,0.0995912864999013,1.297870397567749,1.0115718841552734,0.6830499999999999
570,0.06168381425482934,0.0572594946009465,1.2978363037109375,1.0115509033203125,0.683075
571,0.06375066373555556,0.0541640700487007,1.2978805303573608,1.0115718841552734,0.6830499999999999
572,0.076354195929176,0.0655216314881386,1.2979212999343872,1.0115928649902344,0.683025
573,0.06189428461538093,0.039743930564597,1.2978485822677612,1.0115585327148438,0.683075
574,0.04372554357271723,0.0331403452869212,1.2978566884994507,1.0115718841552734,0.6830499999999999
575,0.06388614109553567,0.0418445970888767,1.2978265285491943,1.0115509033203125,0.683075
576,0.07390603102309415,0.0544121092625624,1.2978191375732422,1.0114936828613281,0.6830999999999999
577,0.0828095040998127,0.0763758449541086,1.2978150844573975,1.0115509033203125,0.683075
578,0.046207301714588415,0.0345366432559899,1.2978768348693848,1.0115718841552734,0.6830499999999999
579,0.05496569327599505,0.0374123222807156,1.2978200912475586,1.0115509033203125,0.683075
580,0.06097648325611993,0.0588245332750148,1.2978250980377197,1.0115509033203125,0.683075
581,0.05393427901151211,0.0467660873335119,1.2978179454803467,1.0115509033203125,0.683075
582,0.04747094365487589,0.0227664693578049,1.2978242635726929,1.0115509033203125,0.683075
583,0.04979755987336212,0.0562465400592486,1.2978105545043945,1.0115509033203125,0.683075
584,0.05814774908622815,0.0529084046715979,1.2978285551071167,1.0115509033203125,0.683075
585,0.07091005548549183,0.0773833094359019,1.297825813293457,1.0115509033203125,0.683075
586,0.0637304702414246,0.046337498865455,1.2978301048278809,1.0115509033203125,0.683075
587,0.060508573508243145,0.0547886140719811,1.2978260517120361,1.0115509033203125,0.683075
588,0.054596039189917595,0.0366984193693724,1.297871470451355,1.0115718841552734,0.6830499999999999
589,0.039269555354860666,0.0352811652352057,1.2978463172912598,1.0115509033203125,0.683075
590,0.0577613980728409,0.0498661981151936,1.2978168725967407,1.0115509033203125,0.683075
591,0.04803350565661866,0.0425628359991433,1.2978826761245728,1.0115718841552734,0.6830499999999999
592,0.07194419227489535,0.0650715202905871,1.2978103160858154,1.0115509033203125,0.683075
593,0.06446537352372876,0.0544696580998333,1.2978718280792236,1.0115718841552734,0.6830499999999999
594,0.06308966751966456,0.0518768417455817,1.2978764772415161,1.0115585327148438,0.6830499999999999
595,0.05628120580436677,0.0531226497118382,1.2978289127349854,1.0115509033203125,0.683075
596,0.0446069803260141,0.0329274426603122,1.2978789806365967,1.0115718841552734,0.6830499999999999
597,0.07454780437496741,0.0758514394168514,1.2978148460388184,1.0115509033203125,0.683075
598,0.05949966795389708,0.0460957082188726,1.297877550125122,1.0115718841552734,0.6830499999999999
599,0.07265335719776515,0.0798838143174407,1.297787070274353,1.0114898681640625,0.6830999999999999
600,0.059062369979531466,0.0521763949986961,1.2978391647338867,1.0115509033203125,0.683075
601,0.05637632840866412,0.039579340158923,1.2978122234344482,1.0115509033203125,0.683075
602,0.07057690179413399,0.0582788479640452,1.297785758972168,1.0114898681640625,0.6830999999999999
603,0.056489473315146276,0.0504509191196876,1.2978401184082031,1.0115585327148438,0.683075
604,0.0809583388181429,0.0666116825041172,1.297882318496704,1.0115718841552734,0.6830499999999999
605,0.06405668126820258,0.0532502661574618,1.2978346347808838,1.0115509033203125,0.683075
606,0.07723546653392523,0.0710834458687372,1.2978204488754272,1.0115509033203125,0.683075
607,0.06318200128382845,0.0527942310191065,1.2978248596191406,1.0115509033203125,0.683075
608,0.040490826354168855,0.0310632996330089,1.2978705167770386,1.0115718841552734,0.6830499999999999
609,0.05368692337236082,0.0516400440306229,1.2977807521820068,1.0114898681640625,0.6830999999999999
610,0.06458487959492308,0.0579768438159931,1.297825813293457,1.0115509033203125,0.683075
611,0.06236605470188027,0.0554242484446945,1.297816514968872,1.0115509033203125,0.683075
612,0.09112579365428185,0.0895755181780941,1.2978229522705078,1.0115509033203125,0.683075
613,0.06863105905459102,0.0586774149803659,1.2977889776229858,1.0114898681640625,0.6830999999999999
614,0.06233030138766628,0.0657410779687666,1.2978248596191406,1.0115509033203125,0.683075
615,0.05673933917035429,0.035815272924903,1.2978224754333496,1.0115509033203125,0.683075
616,0.05633901225250556,0.0460872343540472,1.297830581665039,1.0115509033203125,0.683075
617,0.06903912939363985,0.0458326471505944,1.297855257987976,1.0115718841552734,0.6830499999999999
618,0.054513332687437584,0.0522848809033007,1.231318473815918,0.9392585754394531,0.7753
619,0.07054168607388069,0.0710325761990589,1.2140932083129883,0.9329719543457031,0.7461
620,0.05155430687931624,0.0399826652851563,1.2821099758148193,1.0233345031738281,0.678875
621,0.06470128881341539,0.0564118449672719,1.3093539476394653,0.9869613647460938,0.808425
622,0.04499790386952037,0.0457861716864635,1.2037549018859863,1.0122833251953125,0.6406499999999999
623,0.07879980961400165,0.0678023551085402,1.3022114038467407,1.0021133422851562,0.727175
624,0.0677408111045579,0.068716891355109,1.076585054397583,1.0065994262695312,0.5378999999999999
625,0.06050933489207352,0.0422842491831708,1.2373058795928955,1.0186767578125,0.646525
626,0.051470092687874995,0.0531207876278883,1.2336002588272095,0.9595184326171875,0.706425
627,0.05716276416427516,0.0441894142443288,1.1672497987747192,0.9189109802246094,0.7612
628,0.05837870065963702,0.0361658714247141,1.2940466403961182,0.9824790954589844,0.7458
629,0.04895688075472518,0.037646726683306,1.1411980390548706,1.0395126342773438,0.5442
630,0.04909453075967851,0.0348196282673711,1.1667040586471558,0.9517059326171875,0.6796749999999999
631,0.06662059690592798,0.0617091408496435,1.247296690940857,0.9466476440429688,0.81055
632,0.06977670149178668,0.0810076265381098,1.3210234642028809,1.0630340576171875,0.639025
633,0.049659403076863964,0.0438583065676994,1.5449481010437012,1.516876220703125,0.865325
634,0.05378194054968825,0.0497712041325257,1.1101621389389038,1.0125083923339844,0.563275
635,0.05962613918131127,0.0587153573198406,1.1935096979141235,0.9433670043945312,0.707375
636,0.06599775765157999,0.0592460047973872,1.1308766603469849,0.9818344116210938,0.623425
637,0.06656825890314828,0.0679246311165115,1.2095400094985962,0.9313583374023438,0.748875
638,0.06202272467346929,0.0535336586542208,1.176438808441162,1.0268020629882812,0.588175
639,0.06259277422383316,0.0616160902177398,1.2505627870559692,0.941253662109375,0.793725
640,0.06059053938868196,0.0525764489622133,1.090895175933838,1.0022964477539062,0.5566249999999999
641,0.05815514556177024,0.0211593167946256,1.3179652690887451,0.9920578002929688,0.8144
642,0.060063736994812336,0.0394244054836576,1.3613351583480835,1.0008926391601562,0.8427
643,0.05559261004787251,0.0612757402977877,1.1806727647781372,0.9910964965820312,0.644475
644,0.07531408114823653,0.0537744144648399,1.201316475868225,0.9847183227539062,0.6674
645,0.07601449930094419,0.0732248155007369,1.2726969718933105,0.9632186889648438,0.7833249999999999
646,0.07438394078403959,0.0703203417759823,1.2095584869384766,0.9272537231445312,0.8015249999999999
647,0.0835988838123449,0.0753446235433599,1.3162773847579956,1.0084228515625,0.745675
648,0.06730023687463557,0.0684534879527518,1.2372934818267822,0.9510993957519531,0.783775
649,0.05447834027881923,0.0203906332880009,1.1519182920455933,0.9534950256347656,0.6803
650,0.0524395259844264,0.0367384596197553,1.164161205291748,0.9595413208007812,0.667225
651,0.0703643834558169,0.060756647846631,1.2940270900726318,0.9911384582519531,0.74235
652,0.0651179741055003,0.060812720438605,1.2403206825256348,0.9561004638671875,0.7132999999999999
653,0.06624189605086969,0.0536423243552803,1.3407914638519287,1.0380783081054688,0.705975
654,0.05737606504858967,0.0606883354207639,1.1280800104141235,1.010986328125,0.58445
655,0.07326006219105423,0.0466860019585624,1.189121127128601,0.9354972839355469,0.7273999999999999
656,0.058610756110603096,0.040051858699087,1.2857362031936646,1.0244674682617188,0.661625
657,0.061379976674777535,0.0458131308755582,1.2474583387374878,1.0282516479492188,0.62645
658,0.08296733462828496,0.0757181103619473,1.3284200429916382,1.0368881225585938,0.691875
659,0.05570599817657276,0.0488792408913801,1.0748567581176758,1.0172958374023438,0.521925
660,0.060854501424058,0.0397438362395519,1.256633996963501,0.9510650634765625,0.78225
661,0.05900046256619481,0.0701802148703336,1.2293726205825806,0.991943359375,0.672175
662,0.07380759206226016,0.0629054681758615,1.274770975112915,1.0687484741210938,0.6059249999999999
663,0.06053772702402492,0.0422113987065699,1.2344367504119873,1.0336761474609375,0.615725
664,0.08267068990511904,0.0847891197118997,1.2466027736663818,0.9503421783447266,0.7634
665,0.05385822015360033,0.0312474058943621,1.1507412195205688,0.912994384765625,0.7379249999999999
666,0.06481768089187008,0.0681551199691057,1.1613554954528809,0.9246292114257812,0.7390249999999999
667,0.055243695704878956,0.0536769891911035,1.169588565826416,1.0272159576416016,0.59865
668,0.05714391084771638,0.052074428577157,1.2474582195281982,0.9477996826171875,0.760025
669,0.057987852883218206,0.049578679030995,1.154261827468872,0.9891109466552734,0.6276999999999999
670,0.057459603207540136,0.0488409139496752,1.2215021848678589,0.9710731506347656,0.69085
671,0.0670377069587896,0.0496983123109657,1.1677716970443726,0.9602737426757812,0.675375
672,0.0511433887107463,0.0417297937991634,1.2432916164398193,1.0015716552734375,0.672875
673,0.04271386142792054,0.02807583161308,1.2361632585525513,0.9494743347167969,0.768625
674,0.04791288280220672,0.0352479004435508,1.163637399673462,1.05291748046875,0.552875
675,0.059901359243268136,0.0535292670296598,1.1204190254211426,0.9499130249023438,0.65855
676,0.057744093050377227,0.0455881894291098,1.2506039142608643,1.0113410949707031,0.65675
677,0.06152659683218126,0.0725347981313575,1.276645541191101,0.9589996337890625,0.78215
678,0.07626383687249393,0.0926296774696879,1.2071533203125,0.9967880249023438,0.648125
679,0.06661772840102527,0.053376988867626,1.148169755935669,0.9611148834228516,0.6635
680,0.051663395023117786,0.0401933646114121,1.2616887092590332,1.0615310668945312,0.59355
681,0.04268896340064442,0.0419329583475258,1.1282316446304321,1.000946044921875,0.601325
682,0.06376359101173155,0.0683423663875828,1.1675864458084106,1.0214385986328125,0.6051
683,0.05961513244128321,0.0393285831606564,1.2937089204788208,1.003164291381836,0.7234999999999999
684,0.04806337719285241,0.0521763153224382,1.1882375478744507,1.0245742797851562,0.615775
685,0.05773199117468664,0.0530212252510339,1.2999393939971924,1.0407791137695312,0.629875
686,0.058596441721024246,0.0481064414743173,1.2153338193893433,0.9796218872070312,0.67475
687,0.0630465236976628,0.0616706766531365,1.2602323293685913,1.0609397888183594,0.595275
688,0.0722038479469222,0.0834817769547271,1.1406452655792236,0.967132568359375,0.6539499999999999
689,0.051923212405447054,0.0481531637216872,1.1965192556381226,0.9976234436035156,0.64765
690,0.06182209027203673,0.0473772112098913,1.3137290477752686,0.9750385284423828,0.79375
691,0.061186832677880484,0.0513655466222076,1.3483809232711792,0.9919204711914062,0.845625
692,0.06364383439523352,0.0484013925453155,1.2661339044570923,0.9714202880859375,0.765625
693,0.06838775793862886,0.0593595156427682,1.2353233098983765,0.938690185546875,0.8026
694,0.05400224664278482,0.0242096908420349,1.2668391466140747,0.9581832885742188,0.79565
695,0.06021065548503413,0.0579072478794842,1.2244845628738403,0.9402999877929688,0.748425
696,0.04788047705414165,0.037186285517123,1.2915970087051392,0.9765205383300781,0.7445999999999999
697,0.06764921065996478,0.0573722962456599,1.2487138509750366,0.967742919921875,0.7269249999999999
698,0.06036864661646183,0.0534081735234508,1.2039045095443726,0.9790496826171875,0.677275
699,0.046882555795796574,0.0314602445309267,1.1889398097991943,1.0547313690185547,0.55985
700,0.052754954008599655,0.0628441475843146,1.173033356666565,0.9324417114257812,0.7154499999999999
701,0.05323886593573026,0.0469706422150011,1.2623049020767212,1.0138320922851562,0.65905
702,0.0472663653145891,0.0313833879551389,1.153712272644043,1.0038986206054688,0.615475
703,0.06077139004747923,0.0693006863623963,1.206674337387085,0.9847640991210938,0.659875
704,0.06506970246843276,0.0765240001881579,1.3459209203720093,1.0552940368652344,0.6566
705,0.06226570459174638,0.0507414382845748,1.1291687488555908,0.9893302917480469,0.6142
706,0.05404300160629661,0.0576477862269939,1.370427131652832,1.0547294616699219,0.68995
707,0.0425727530854457,0.0230954637852391,1.2474780082702637,0.9461135864257812,0.7423
708,0.05251408716147011,0.0486796092608301,1.1086653470993042,1.0055580139160156,0.575125
709,0.060863354514300846,0.053349179966176,1.150812029838562,0.9234619140625,0.721375
710,0.06246883493809357,0.0561553016586344,1.2427949905395508,0.9378509521484375,0.7724249999999999
711,0.06124433251185068,0.0536638940190637,1.2455134391784668,1.0256118774414062,0.6413749999999999
712,0.04279748869678604,0.0419416539743906,1.1501116752624512,0.9701080322265625,0.6507
713,0.06616272159184183,0.059621741030412,1.2537494897842407,0.9873428344726562,0.7109749999999999
714,0.06303838181415655,0.0371361555203293,1.186721682548523,0.9206809997558594,0.7614
715,0.06969953754105422,0.0551389066509955,1.1788088083267212,0.9881534576416016,0.6508499999999999
716,0.05456835543631626,0.0444171439069691,1.1847658157348633,0.9214096069335938,0.7532249999999999
717,0.06607148620027668,0.0526323484743329,1.2720428705215454,0.9689521789550781,0.7792
718,0.060188951346355,0.0390705167523037,1.150525450706482,0.9632682800292969,0.65965
719,0.06486621654187483,0.0766809430326702,1.2050044536590576,0.9347000122070312,0.73435
720,0.06289908415973869,0.0627179766244125,1.2450623512268066,0.9967041015625,0.6736
721,0.06312256431882018,0.0417928092237272,1.2177395820617676,0.9760208129882812,0.69
722,0.054941439862763876,0.0322320001622715,1.3182445764541626,1.031890869140625,0.6655749999999999
723,0.05862774974397057,0.0396163913318332,1.1351851224899292,0.9550457000732422,0.6559999999999999
724,0.04494306682132918,0.0315496005417799,1.8054512739181519,1.2378349304199219,1.1179999999999999
725,0.05154931549407838,0.0278438465046162,1.210347056388855,0.9819526672363281,0.6666
726,0.07559750245390488,0.0827575437994028,1.336421012878418,1.0370254516601562,0.696325
727,0.03968510740346748,0.0225111453759723,1.1933597326278687,0.9281539916992188,0.73485
728,0.06227293405678014,0.0553884583591129,1.1606991291046143,1.0037918090820312,0.607825
729,0.050758472016334294,0.0548842714771208,1.2633742094039917,1.0102157592773438,0.671825
730,0.06713612986592377,0.0685575955979516,1.3400249481201172,0.9975128173828125,0.807825
731,0.061071135478185413,0.0590406660688813,1.230267882347107,1.00299072265625,0.6533249999999999
732,0.042847528304178074,0.0301812698882031,1.2467677593231201,0.9536209106445312,0.7809999999999999
733,0.05962615243209073,0.0551604285221856,1.2908051013946533,0.9772109985351562,0.768075
734,0.048040132810749765,0.0394887192136703,1.2118173837661743,0.9895858764648438,0.664775
735,0.04575044576060646,0.0239245348838039,1.1115719079971313,0.9739952087402344,0.6166499999999999
736,0.06292133784023637,0.0425494320218149,1.2207858562469482,0.9378890991210938,0.76805
737,0.05055702547039417,0.0412351342302486,1.47793710231781,1.4023551940917969,0.8416
738,0.05823658255973333,0.0418909869891876,1.2774434089660645,0.9844131469726562,0.7047749999999999
739,0.03738160627868174,0.015844276348011,1.1618033647537231,0.9547958374023438,0.6855749999999999
740,0.07375773636542217,0.0654709577244148,1.1950221061706543,0.9325790405273438,0.741475
741,0.07050130787396117,0.0804969497833049,1.186833381652832,0.9501609802246094,0.694225
742,0.061995224698798354,0.0596857706772766,1.2142930030822754,1.0431995391845703,0.5897
743,0.063844060642436,0.0594361701419074,1.1313327550888062,0.9468650817871094,0.6715
744,0.06489389659083089,0.0536073503724779,1.2308614253997803,0.9716949462890625,0.68865
745,0.061981604566476944,0.0396582105069823,1.1665167808532715,1.0285415649414062,0.59925
746,0.05668984164009554,0.0494455079508171,1.3053412437438965,1.0050888061523438,0.7260749999999999
747,0.05838808966062238,0.0503154667034664,1.1798202991485596,0.9557266235351562,0.684875
748,0.056865265539429964,0.0540503828435134,1.1224085092544556,0.9997539520263672,0.6033499999999999
749,0.0674351384996312,0.0518026216040539,1.1393890380859375,1.0112686157226562,0.589475
750,0.06902594847973394,0.0664273886140449,1.2009990215301514,0.9281845092773438,0.742325
751,0.061579429618537275,0.0484877364593216,1.2421133518218994,0.9434566497802734,0.7746
752,0.07897552109016255,0.0823025075576993,1.2635647058486938,0.951690673828125,0.803225
753,0.07416148124202526,0.0836001942126927,1.0768450498580933,1.0150299072265625,0.520125
754,0.05748974988240413,0.0455780012744639,1.2681680917739868,0.9553756713867188,0.816175
755,0.04812656121469626,0.0419963647975691,1.833566427230835,1.28106689453125,1.8654
756,0.05948751993216791,0.0690790313948923,1.1788485050201416,0.9336318969726562,0.721225
757,0.07762432176545278,0.0610998318390443,1.1641497611999512,0.9514541625976562,0.683275
758,0.05768453300224674,0.065222502685458,1.1997965574264526,0.9600715637207031,0.6983499999999999
759,0.06603179133540739,0.0699312971310632,1.2901842594146729,1.0194721221923828,0.6467999999999999
760,0.049450158044666015,0.0516946903052826,1.1907813549041748,0.9728164672851562,0.6715
761,0.06592344534190178,0.0765728160794196,1.1034122705459595,1.0081329345703125,0.570075
762,0.05904806413115292,0.053575113085742,1.0851597785949707,0.9974594116210938,0.55425
763,0.05389360010853602,0.0431487053066348,1.335297703742981,1.0432586669921875,0.6554749999999999
764,0.06535316368315146,0.0600147969416298,1.20839262008667,0.9910659790039062,0.6573249999999999
765,0.06349631154813978,0.0571385505389798,1.1718629598617554,1.0107421875,0.618475
766,0.064386704463695,0.0443750139698977,1.2631884813308716,0.9526863098144531,0.80575
767,0.06480794932280974,0.0669560686563954,1.2356536388397217,0.9404125213623047,0.7761
768,0.052525426439342854,0.0325658319874264,1.1916545629501343,1.00885009765625,0.626925
769,0.05334026487983528,0.0369342150606826,1.346335768699646,0.9957427978515625,0.8474999999999999
770,0.06099224818792423,0.0524872887283777,1.3250620365142822,1.0233879089355469,0.72405
771,0.0702927377317293,0.0715916536873351,1.2419912815093994,0.9628639221191406,0.71415
772,0.05100187943741948,0.0408590791371352,1.271396517753601,1.0135879516601562,0.65545
773,0.07760035114147278,0.0840690409510216,1.3013064861297607,0.9799270629882812,0.80635
774,0.060369838330813656,0.0513566650738539,1.1743452548980713,1.0576171875,0.55365
775,0.08293108980245859,0.0899104234568994,1.307737112045288,0.9821739196777344,0.7890499999999999
776,0.06129347847278074,0.0698455561499145,1.150435447692871,0.9586639404296875,0.662575
777,0.05664033115487333,0.0473218813049811,1.091105580329895,0.9911422729492188,0.5796
778,0.0686164567499209,0.0706537172313801,1.1516433954238892,1.0159835815429688,0.5912
779,0.06774121125830394,0.0486014386916622,1.2787977457046509,1.013336181640625,0.662775
780,0.052398539436883496,0.0663869986398708,1.1585668325424194,1.041208267211914,0.5672499999999999
781,0.08225921277585824,0.0829896703565395,1.1564135551452637,0.9612998962402344,0.6647
782,0.07414097802617085,0.0534024969788333,1.2073665857315063,0.9413642883300781,0.7224499999999999
783,0.04636114745563996,0.0321469332421884,1.1795998811721802,1.0347099304199219,0.578375
784,0.07664325954268249,0.0963786949453719,1.194643497467041,1.0015525817871094,0.6472749999999999
785,0.04401760046029042,0.0204147227297539,1.220053791999817,0.9467010498046875,0.718275
786,0.06231629130829658,0.0658246768005834,1.1505948305130005,0.9933013916015625,0.6182
787,0.06599495610063018,0.0648216133048436,1.1998863220214844,0.928192138671875,0.745525
788,0.057198748402311844,0.0620343094149689,1.1147114038467407,0.9372081756591797,0.6732
789,0.060047796584879035,0.0451847496485129,1.2298506498336792,0.9722156524658203,0.69085
790,0.05575003273250852,0.0361240596284915,1.205106496810913,1.018930435180664,0.6239
791,0.04293219018024894,0.0190534782553868,1.1625874042510986,0.9229202270507812,0.718375
792,0.04834371765879049,0.0515799359972675,1.1499733924865723,0.9595413208007812,0.666275
793,0.05292774610302755,0.0339697933679303,1.178213119506836,0.936614990234375,0.728375
794,0.054081129453285574,0.0450384680593742,1.1923221349716187,1.0211906433105469,0.61525
795,0.06208707630789652,0.081343221387101,1.2197502851486206,1.0164604187011719,0.6389
796,0.04490947036310795,0.031830475451192,1.1668462753295898,1.0006675720214844,0.6320749999999999
797,0.04924763412601321,0.0402761340391758,1.2348976135253906,1.0347652435302734,0.61425
798,0.06972267105264562,0.0555076691869089,1.2351856231689453,0.9829864501953125,0.6885
799,0.0659247772715444,0.0455879353424961,1.2170380353927612,0.943817138671875,0.72805
800,0.05463089259425475,0.0308192056697591,1.1964186429977417,0.9691696166992188,0.682775
801,0.07581829847572073,0.0618909506615236,1.078922986984253,0.9943695068359375,0.554025
802,0.05849005524740207,0.0503867263113306,1.1363136768341064,0.98468017578125,0.6190249999999999
803,0.09242155069005718,0.079652696476387,1.2103866338729858,0.9492263793945312,0.717675
804,0.06705172202691698,0.0653312193635429,1.1905884742736816,0.9421005249023438,0.70965
805,0.06399267828889914,0.0615818588876209,1.1916617155075073,0.9209175109863281,0.73715
806,0.060155158232665845,0.0337878048849233,1.2682286500930786,0.9662246704101562,0.7321
807,0.06743264483039978,0.0452303120384272,1.2593387365341187,0.9807472229003906,0.7488
808,0.06814489565565145,0.054834165146417,1.278760552406311,0.9998779296875,0.708175
809,0.07063159867758412,0.0599969462210765,1.2005391120910645,0.9235992431640625,0.755375
810,0.05295708435719793,0.058023498624891,1.0567505359649658,0.9728012084960938,0.579025
811,0.056569283856668706,0.0420474656152123,1.1200274229049683,1.0108566284179688,0.576125
812,0.056518781189542004,0.0565070334839674,1.0858289003372192,0.9769287109375,0.5918
813,0.06385369000129741,0.068873601929738,1.227439522743225,0.9331817626953125,0.764075
814,0.06966936256214096,0.0643189941447985,1.2185777425765991,0.932647705078125,0.7450249999999999
815,0.051630576466118246,0.0385270826964188,1.235378623008728,0.9473419189453125,0.767525
816,0.04968047961510944,0.0391846413576217,1.1326485872268677,1.0193939208984375,0.569175
817,0.06837227543811031,0.0697330084524878,1.1367242336273193,0.9717559814453125,0.645525
818,0.07133457149678292,0.0831849307786001,1.1776609420776367,1.0064201354980469,0.63655
819,0.0705988878394208,0.0620892555860256,1.2004810571670532,0.9878082275390625,0.662675
820,0.05049589463356544,0.0391707953982374,1.2887779474258423,1.0064849853515625,0.674925
821,0.07325276728766072,0.073664836865305,1.2696173191070557,0.9608917236328125,0.7795
822,0.07925527139066044,0.0665442815073902,1.1683409214019775,0.97344970703125,0.6532
823,0.07027466724373232,0.0582143735636009,1.073701024055481,0.98858642578125,0.56565
824,0.04191302814053936,0.0229200129057858,1.1908047199249268,0.9308242797851562,0.730675
825,0.053367178545711005,0.0376630042426378,1.2581671476364136,1.0006256103515625,0.66975
826,0.07424698946703333,0.0747502477887565,1.183987021446228,0.9467983245849609,0.6973499999999999
827,0.03832160895118132,0.0322076229048313,1.219117283821106,0.9771728515625,0.6892499999999999
828,0.05734772690127518,0.0398820717692274,1.1549997329711914,0.9247703552246094,0.71485
829,0.06816141959747753,0.0695545793963106,1.2066457271575928,0.9792938232421875,0.6708
830,0.07236362950785863,0.0560768422723185,1.2050174474716187,0.9508819580078125,0.710625
831,0.07338679760269548,0.0746779175087226,1.209621548652649,0.9345207214355469,0.7325999999999999
832,0.06139540721987101,0.0454859705218382,1.1754785776138306,0.9526786804199219,0.678925
833,0.07362381707220221,0.0596697672097548,1.2823081016540527,0.97845458984375,0.744575
834,0.058323403835814844,0.0536037797515405,1.2604824304580688,0.9645843505859375,0.7980999999999999
835,0.08676160615767527,0.073543220848478,1.2143807411193848,0.9282150268554688,0.76305
836,0.06097699264377087,0.0556022862785994,1.3199495077133179,1.2124710083007812,0.7697999999999999
837,0.06528922818467761,0.0756890113808594,1.2723759412765503,1.0031166076660156,0.674925
838,0.07342126468559815,0.0513374789877616,1.2535489797592163,0.9579105377197266,0.7618999999999999
839,0.053263597521365925,0.0426402713772517,1.1977492570877075,0.9671649932861328,0.67785
840,0.06276771994593593,0.0615969178426212,1.146765947341919,0.9619522094726562,0.6615
841,0.0373834762124714,0.0324911353633245,1.0806113481521606,0.8603668212890625,0.6060749999999999
842,0.07590076192863258,0.0719054746876963,1.1560955047607422,1.0083770751953125,0.6313
843,0.07813356278568946,0.1025157344162721,1.174389123916626,0.9417800903320312,0.6998749999999999
844,0.0462673479767187,0.0399202604509696,1.1713618040084839,0.9226341247558594,0.7383
845,0.04541662587626704,0.0430333946754331,1.2133768796920776,0.9200019836425781,0.78615
846,0.07381417657405397,0.0984059546059635,1.1411470174789429,0.9536705017089844,0.6611
847,0.07113306357411081,0.0578898068288822,1.2525911331176758,0.9888324737548828,0.68465
848,0.06340273346573078,0.0514221214829149,1.117026925086975,0.9601974487304688,0.648975
849,0.03839804074069932,0.0344952304500338,1.0767914056777954,0.9946937561035156,0.54415
850,0.0783496052650045,0.0718423715790663,1.2819947004318237,1.0553970336914062,0.605375
851,0.0664992927269389,0.0615923135154616,1.1772875785827637,0.9413814544677734,0.71415
852,0.07813132646598493,0.06835162096678,1.2556806802749634,0.9522628784179688,0.767525
853,0.05557490679755822,0.0234078933593195,1.2508940696716309,0.94586181640625,0.8137749999999999
854,0.06414958037001699,0.0673639587175216,1.1912823915481567,0.9248447418212891,0.7444
855,0.06739182085267377,0.0650465350623221,1.1814358234405518,0.9211959838867188,0.730475
856,0.05562081347700254,0.0367953987621865,1.24852454662323,1.016815185546875,0.6492749999999999
857,0.05228007644551693,0.0328105486913727,1.3121848106384277,0.9957771301269531,0.7679499999999999
858,0.07555752247064079,0.0888026123705003,1.1872522830963135,1.0449256896972656,0.57985
859,0.05531356065648231,0.0460613198399073,1.2228296995162964,0.9829368591308594,0.6786249999999999
860,0.05843342943675586,0.0578517680596064,1.1696953773498535,0.9955482482910156,0.631475
861,0.06295402763789879,0.0612565878511759,1.2053821086883545,1.0436325073242188,0.589375
862,0.06250931509682796,0.06452921363541,1.156233787536621,0.9860458374023438,0.640475
863,0.052841935381813775,0.0479150764526252,1.2302056550979614,1.0634098052978516,0.5838
864,0.07484445420640325,0.0949776134297241,1.2441333532333374,0.9576339721679688,0.732575
865,0.07370096673060077,0.0857519380541589,1.2462807893753052,1.0069770812988281,0.660625
866,0.0430744973371049,0.0380216391697558,1.2170100212097168,0.9571571350097656,0.7122499999999999
867,0.05014850147823855,0.0336766672721182,1.2023510932922363,1.0487022399902344,0.5774
868,0.04514152922526741,0.0452795899851707,1.2314507961273193,0.9425582885742188,0.7502749999999999
869,0.06594194013432272,0.0634064195849077,1.1409846544265747,0.9452857971191406,0.67485
870,0.048012128377653576,0.0267882094949527,1.177558422088623,0.94287109375,0.708025
871,0.04739156051688449,0.0345316616599248,1.1650052070617676,0.9811439514160156,0.6468499999999999
872,0.04618701097087463,0.0401423210628308,1.2322055101394653,0.9492111206054688,0.760925
873,0.056402690016046295,0.0507443367022233,1.227071762084961,0.9403095245361328,0.7524
874,0.05430377829912192,0.0445802318681103,1.155334234237671,0.9921932220458984,0.63005
875,0.051425528941959335,0.0567175355648146,1.2230459451675415,0.9566593170166016,0.7091
876,0.039873324109419274,0.032301461954546,1.1520607471466064,0.9255485534667969,0.7123499999999999
877,0.05031223859211923,0.0509130783873956,1.1420179605484009,1.004262924194336,0.60775
878,0.058946799740332935,0.0574922484684066,1.1870197057724,0.9532928466796875,0.6791499999999999
879,0.06336349712947215,0.0749932151742638,1.1193495988845825,0.9875297546386719,0.6128
880,0.05017159328890025,0.0231266270007171,1.2882866859436035,1.0020980834960938,0.751475
881,0.044535768852123285,0.0348336259347092,1.245982050895691,0.9908561706542969,0.6818
882,0.060762474894996435,0.0551423152097235,1.1721330881118774,0.96734619140625,0.6592
883,0.05486472154148445,0.0427589628533269,1.238203525543213,0.9459152221679688,0.741275
884,0.07621848510079642,0.0869834090660788,1.2193528413772583,0.9745292663574219,0.6862499999999999
885,0.07183932746713126,0.0677700754158081,1.2082109451293945,0.9616661071777344,0.695125
886,0.059808621488700565,0.0530788221747684,1.285489559173584,0.9693756103515625,0.8410249999999999
887,0.05983024244719791,0.0544313074952356,1.2195346355438232,0.9426002502441406,0.7559
888,0.051220707040595705,0.0441703961234338,1.2537559270858765,0.9553699493408203,0.78145
889,0.05150226420780171,0.0375780873665666,1.2757164239883423,0.9887161254882812,0.712425
890,0.07447477410535493,0.0723907779765227,1.2053613662719727,0.9450149536132812,0.712625
891,0.05802933432878008,0.0513747753607276,1.137707233428955,0.9701824188232422,0.6498999999999999
892,0.06804065432515836,0.0671973026887826,1.146273136138916,0.9244232177734375,0.707275
893,0.05747595790768569,0.0565247120244976,1.2139922380447388,1.0296592712402344,0.7078249999999999
894,0.08379308392798548,0.0989554584853067,1.2640975713729858,0.9980621337890625,0.7077
895,0.056140915781872705,0.0584739868167503,1.2904621362686157,0.9882431030273438,0.781075
896,0.0729377496199509,0.0691494419680793,1.2927919626235962,1.0179481506347656,0.674375
897,0.05105585514396918,0.032150124627492,1.2524505853652954,0.9595451354980469,0.7706999999999999
898,0.057387747288179955,0.0400329813259645,1.1595696210861206,0.9289474487304688,0.711325
899,0.0603496927971802,0.0373404170425715,1.2315105199813843,0.9344673156738281,0.7764
900,0.049041841071072644,0.0349350205966061,1.1749347448349,0.9521598815917969,0.6830499999999999
901,0.04051628913871594,0.0258976973292419,1.1719056367874146,0.9221668243408203,0.728
902,0.07498790445152384,0.0766222502430196,1.2301658391952515,0.9459762573242188,0.770825
903,0.05865610520480638,0.0655350692618981,1.1069132089614868,0.9680557250976562,0.6311
904,0.056815523805390095,0.0311995333418622,1.225292682647705,0.9342575073242188,0.761025
905,0.065660487274348,0.0515989513115187,1.2742846012115479,0.9599990844726562,0.8180499999999999
906,0.05156981498851679,0.0441619354318163,1.27895188331604,1.0176620483398438,0.650925
907,0.04950420920748272,0.0362708516461201,1.1706429719924927,1.0218734741210938,0.595275
908,0.0667752062296563,0.0727763252574912,1.2368632555007935,1.064239501953125,0.58195
909,0.07140200373395031,0.0631582491656104,1.235917091369629,0.9893646240234375,0.673275
910,0.06955692009303817,0.0835903709674426,1.153279185295105,1.0190277099609375,0.586675
911,0.04877365679974144,0.0459215017937394,1.2219300270080566,1.043832778930664,0.5923999999999999
912,0.056044084532549776,0.0585031367934902,1.205634593963623,1.002899169921875,0.645925
913,0.06467227845613116,0.0737102835860241,1.1273257732391357,0.9827880859375,0.6209
914,0.05932526197056746,0.0439989655727117,1.2822344303131104,1.0330886840820312,0.63385
915,0.05754037734229639,0.0364050434341152,1.1826093196868896,0.942138671875,0.7137749999999999
916,0.07132310594823799,0.0682121477388477,1.2163904905319214,1.0272674560546875,0.6251249999999999
917,0.0781038820682699,0.0854110848552522,1.1879559755325317,1.0062294006347656,0.6329
918,0.06380919272050853,0.0454634795717083,1.1755027770996094,0.95294189453125,0.691425
919,0.05361092684988795,0.0623728840388866,1.1712923049926758,0.97015380859375,0.6611
920,0.03899628253670572,0.0271154652629093,1.1206648349761963,0.9547195434570312,0.6563249999999999
921,0.04231833833991506,0.0431181695742106,1.1586508750915527,0.9971771240234375,0.620325
922,0.04097310322589887,0.0347263170415271,1.207275629043579,1.04046630859375,0.588525
923,0.07103143490062627,0.0686669949220686,1.2545709609985352,1.0211105346679688,0.564925
924,0.06995873387232789,0.0790446248850571,1.2460609674453735,0.9548759460449219,0.743675
925,0.051901316124228145,0.0510230201473405,1.1864726543426514,0.9894256591796875,0.648025
926,0.06456002947357133,0.0548839756808661,1.1151140928268433,0.9682159423828125,0.633925
927,0.05670300298657068,0.0338488544246047,1.2490639686584473,0.9639358520507812,0.7356499999999999
928,0.04483805723481555,0.0294185859663515,1.1842864751815796,0.9875831604003906,0.6524
929,0.09454081540558408,0.0953311697143135,1.2772716283798218,0.9717903137207031,0.7563
930,0.04599991393868107,0.0204724861163754,1.174782395362854,0.9453125,0.6864
931,0.060147439672755945,0.0543227820115248,1.1953717470169067,0.9240036010742188,0.7563249999999999
932,0.05238003877115077,0.0466711019003582,1.2895965576171875,0.9738616943359375,0.780875
933,0.05167516013205758,0.0405894056885639,1.1052939891815186,1.0104141235351562,0.563125
934,0.07761800945820117,0.0906175746881103,1.234508752822876,1.0295791625976562,0.618475
935,0.05812555048323738,0.0596680691914457,1.2947403192520142,1.0043907165527344,0.7295999999999999
936,0.07286885731401367,0.0687353409411457,1.2706001996994019,0.9943008422851562,0.683275
937,0.04606691036816465,0.0302018204491218,1.1041909456253052,0.97064208984375,0.623875
938,0.06523570103950256,0.0527933443730148,1.2923712730407715,0.9777984619140625,0.8191499999999999
939,0.06934534946466564,0.0610108782429961,1.2499840259552002,0.9539566040039062,0.76825
940,0.04609795027871022,0.0423325578173603,1.2126909494400024,1.0613059997558594,0.57205
941,0.07404748023653723,0.0768335242560738,1.2194452285766602,0.9503822326660156,0.7327
942,0.06375990416540563,0.0590103302865827,1.2630319595336914,1.0118904113769531,0.65825
943,0.042908257765840147,0.0297693201123478,1.2491281032562256,0.974273681640625,0.712325
944,0.03688819766278135,0.0158976843298596,1.194050908088684,0.9253082275390625,0.734275
945,0.04385909240291918,0.042502841471844,1.2600313425064087,1.072418212890625,0.587525
946,0.059035645786561765,0.0705534194632377,1.1617203950881958,0.9673271179199219,0.6564
947,0.05815526946271516,0.0615299460833448,1.1463485956192017,1.05316162109375,0.530925
948,0.04613898317570451,0.0403802190950093,1.3306894302368164,1.0460662841796875,0.643875
949,0.053969096493870855,0.0408596329120314,1.115154504776001,0.9812545776367188,0.618675
950,0.06037356057118258,0.0416941217453654,1.2978172302246094,1.0115585327148438,0.683075
951,0.06532290348985599,0.0569064582713281,1.2978620529174805,1.0115718841552734,0.6830499999999999
952,0.07145920145188238,0.0644591029899288,1.2978417873382568,1.0115509033203125,0.683075
953,0.06026955346133949,0.0565647693418284,1.2978192567825317,1.0115509033203125,0.683075
954,0.044489220476764374,0.0491877663438913,1.2978787422180176,1.0115718841552734,0.6830499999999999
955,0.05186455317219155,0.0490774448478649,1.2978661060333252,1.0115718841552734,0.6830499999999999
956,0.05607992387238977,0.0552735691082943,1.2978746891021729,1.0115718841552734,0.6830499999999999
957,0.07079540778786318,0.0558412425589371,1.2978427410125732,1.0115509033203125,0.683075
958,0.058481930118683995,0.0393747787158531,1.2978304624557495,1.0115509033203125,0.683075
959,0.04295302113230687,0.0356537747882569,1.2978688478469849,1.0115718841552734,0.6830499999999999
960,0.05668195331992803,0.0443635480701087,1.2978308200836182,1.0115509033203125,0.683075
961,0.060883911188350376,0.0460998505790826,1.2978076934814453,1.0115509033203125,0.683075
962,0.05702822767768778,0.0602378203907392,1.2978054285049438,1.0115509033203125,0.683075
963,0.05222299952667634,0.0323441350157015,1.2978254556655884,1.0115509033203125,0.683075
964,0.05094991995883793,0.0476075924493654,1.2978721857070923,1.0115718841552734,0.6830499999999999
965,0.05461372019978038,0.0405276283855187,1.2978403568267822,1.0115509033203125,0.683075
966,0.06308168926618253,0.0468362888079241,1.2978386878967285,1.0115509033203125,0.683075
967,0.06549759667796086,0.0657028059579261,1.2978311777114868,1.0115509033203125,0.683075
968,0.060701240308355366,0.061826220358057,1.297813892364502,1.0115509033203125,0.683075
969,0.051148813945215275,0.0298360630701885,1.2978242635726929,1.0115509033203125,0.683075
970,0.06168561688033106,0.0403800097152309,1.2978692054748535,1.011575698852539,0.6830499999999999
971,0.06676575162016286,0.0944771745225807,1.2978719472885132,1.0115718841552734,0.6830499999999999
972,0.05052062293725874,0.0315956898734649,1.2968206405639648,1.0113334655761719,0.68285
973,0.06259815225698614,0.0455928861662755,1.2978304624557495,1.0115509033203125,0.683075
974,0.058926378283616375,0.0554524657538868,1.2978777885437012,1.0115718841552734,0.6830499999999999
975,0.05105832095147719,0.0443128189060075,1.2978225946426392,1.0115509033203125,0.683075
976,0.06012955664744447,0.0508341937696741,1.2978154420852661,1.0115509033203125,0.683075
977,0.06760609579196539,0.0700537702381325,1.2977705001831055,1.0114288330078125,0.683125
978,0.06713342108696971,0.0622265560196524,1.2979028224945068,1.0115928649902344,0.683025
979,0.06555336252938712,0.0545427370593826,1.2978217601776123,1.0115509033203125,0.683075
980,0.07908248110347227,0.0918279447108716,1.2978339195251465,1.0115509033203125,0.683075
981,0.0696602377976197,0.0767471665124048,1.2978733777999878,1.011575698852539,0.6830499999999999
982,0.06317839148033808,0.0548089982673804,1.2978289127349854,1.0115509033203125,0.683075
983,0.04549027881182563,0.0427740143056355,1.2978590726852417,1.0115718841552734,0.6830499999999999
984,0.06988855806451696,0.0564050173198949,1.2978062629699707,1.0115509033203125,0.683075
985,0.07440146801424258,0.0649183376573887,1.2978203296661377,1.0115509033203125,0.683075
986,0.06677162184858199,0.0690500966429681,1.2978674173355103,1.0115718841552734,0.6830499999999999
987,0.06249254004140441,0.051685274754608,1.2978384494781494,1.0115509033203125,0.683075
988,0.06955567271090006,0.0608921519673799,1.2978215217590332,1.0115509033203125,0.683075
989,0.0556199721791914,0.036756148400954,1.297803282737732,1.0115509033203125,0.683075
990,0.06307063834014438,0.0500966904743336,1.2978769540786743,1.0115718841552734,0.6830499999999999
991,0.06400888216200659,0.0498775990092212,1.2978757619857788,1.0115718841552734,0.6830499999999999
992,0.057911445731318734,0.0373286691925045,1.2978236675262451,1.0115509033203125,0.683075
993,0.06744515698814924,0.0884057081522087,1.2978343963623047,1.0115509033203125,0.683075
994,0.06294579688985212,0.0591856444324889,1.2978440523147583,1.0115585327148438,0.683075
995,0.08392248777359604,0.0888846410430233,1.2978019714355469,1.0115509033203125,0.683075
996,0.05647952607119807,0.045132501753585,1.2978403568267822,1.0115585327148438,0.683075
997,0.08213832555643126,0.0576509463328989,1.2978692054748535,1.0115718841552734,0.6830499999999999
998,0.060351102011745,0.0604884088724588,1.2978334426879883,1.0115585327148438,0.683075
999,0.059462135740481877,0.048230455875057,1.2978260517120361,1.0115509033203125,0.683075
